detector_id,name,route,direction,lat,lon,lane
1069,Mainline sensor,I-94,EB,45.08846,-93.42418,0
1070,Mainline sensor,I-94,EB,45.08846,-93.42418,2
1071,Mainline sensor,I-94,WB,44.97987,-93.28723,0
1155,Mainline sensor,I-94,EB,45.08917,-93.42906,4
1241,Mainline sensor,I-94,EB,44.96463,-93.28355,0
1245,Mainline sensor,I-94,EB,44.97858,-93.2876,2
1308,Mainline sensor,I-94,EB,45.08917,-93.42906,1
1385,Mainline sensor,I-94,EB,44.99577,-93.28316,0
1459,Mainline sensor,I-94,EB,45.07816,-93.3786,3
1462,Mainline sensor,I-94,WB,45.07837,-93.37883,3
175,Mainline sensor,I-94,WB,44.96605,-93.26532,0
1890,Mainline sensor,I-94,WB,44.95088,-93.10487,0
1891,Mainline sensor,I-94,EB,44.95357,-93.09336,1
1892,Mainline sensor,I-94,EB,44.95357,-93.09336,2
1893,Mainline sensor,I-94,EB,44.95357,-93.09336,3
1894,Mainline sensor,I-94,EB,44.95377,-93.09101,0
1896,Mainline sensor,I-94,WB,44.95429,-93.09023,0
1897,Mainline sensor,I-94,WB,44.9545,-93.09098,1
1898,Mainline sensor,I-94,WB,44.9545,-93.09098,2
1899,Mainline sensor,I-94,WB,44.9545,-93.09098,3
1980,Mainline sensor,I-94,EB,45.08328,-93.40312,0
1981,Mainline sensor,I-94,EB,45.08149,-93.39767,0
1982,Mainline sensor,I-94,WB,45.08296,-93.40139,0
1999,Mainline sensor,I-94,WB,45.08454,-93.40626,0
21,Mainline sensor,I-94,EB,44.99296,-93.28463,1
22,Mainline sensor,I-94,EB,44.99296,-93.28463,2
23,Mainline sensor,I-94,EB,44.99296,-93.28463,3
24,Mainline sensor,I-94,EB,44.99296,-93.28463,4
2475,Mainline sensor,I-94,EB,44.95286,-93.08846,0
2485,Mainline sensor,I-94,EB,44.95033,-93.10403,1
2486,Mainline sensor,I-94,EB,44.95033,-93.10403,2
2487,Mainline sensor,I-94,EB,44.95033,-93.10403,3
2490,Mainline sensor,I-94,WB,44.95075,-93.10331,1
2491,Mainline sensor,I-94,WB,44.95075,-93.10331,2
2492,Mainline sensor,I-94,WB,44.95075,-93.10331,3
25,Mainline sensor,I-94,EB,44.99296,-93.28463,5
2500,Mainline sensor,I-94,WB,44.95184,-93.17088,0
2552,Mainline sensor,I-94,EB,44.95329,-93.08093,0
2578,Mainline sensor,I-94,WB,44.95477,-93.07788,1
2579,Mainline sensor,I-94,EB,45.07616,-93.35672,3
2580,Mainline sensor,I-94,WB,45.07638,-93.3567,3
2581,Mainline sensor,I-94,EB,45.08375,-93.40459,1
2582,Mainline sensor,I-94,EB,45.08375,-93.40459,4
2583,Mainline sensor,I-94,WB,45.08395,-93.40443,1
2584,Mainline sensor,I-94,WB,45.08395,-93.40443,4
2585,Mainline sensor,I-94,EB,45.07877,-93.38873,3
2586,Mainline sensor,I-94,WB,45.07965,-93.3911,3
2587,Mainline sensor,I-94,EB,45.07863,-93.38797,0
2588,Mainline sensor,I-94,WB,45.08012,-93.39255,0
2589,Mainline sensor,I-94,WB,44.95477,-93.07788,2
2591,Mainline sensor,I-94,WB,44.96436,-93.23846,0
2592,Mainline sensor,I-94,WB,44.96612,-93.25863,0
2593,Mainline sensor,I-94,WB,44.9511,-93.11352,0
2594,Mainline sensor,I-94,WB,44.95185,-93.13395,0
2595,Mainline sensor,I-94,WB,44.95179,-93.15035,0
2596,Mainline sensor,I-94,WB,44.95184,-93.17088,0
2597,Mainline sensor,I-94,WB,44.96035,-93.20964,0
2598,Mainline sensor,I-94,WB,44.96035,-93.20964,0
2599,Mainline sensor,I-94,WB,44.96683,-93.27503,0
26,Mainline sensor,I-94,WB,44.99285,-93.28435,1
2600,Mainline sensor,I-94,EB,44.96584,-93.24815,0
2601,Mainline sensor,I-94,EB,44.96544,-93.26478,1
2602,Mainline sensor,I-94,EB,44.96544,-93.26478,2
2603,Mainline sensor,I-94,EB,44.96544,-93.26478,3
2604,Mainline sensor,I-94,EB,44.96545,-93.26327,0
2605,Mainline sensor,I-94,EB,44.96545,-93.25692,0
2606,Mainline sensor,I-94,EB,44.96565,-93.25434,1
2607,Mainline sensor,I-94,EB,44.96565,-93.25434,2
2608,Mainline sensor,I-94,EB,44.96565,-93.25434,3
2609,Mainline sensor,I-94,EB,44.96575,-93.25391,0
2610,Mainline sensor,I-94,EB,44.96584,-93.24815,0
2611,Mainline sensor,I-94,EB,44.96518,-93.24628,1
2612,Mainline sensor,I-94,EB,44.96518,-93.24628,2
2613,Mainline sensor,I-94,EB,44.96518,-93.24628,3
2614,Mainline sensor,I-94,EB,44.96518,-93.24628,4
2615,Mainline sensor,I-94,EB,44.96463,-93.24442,0
2616,Mainline sensor,I-94,EB,44.9644,-93.22994,0
2617,Mainline sensor,I-94,EB,44.96445,-93.22971,1
2618,Mainline sensor,I-94,EB,44.96445,-93.22971,2
2619,Mainline sensor,I-94,EB,44.96445,-93.22971,3
2620,Mainline sensor,I-94,EB,44.96716,-93.22223,1
2621,Mainline sensor,I-94,EB,44.96716,-93.22223,2
2622,Mainline sensor,I-94,EB,44.96716,-93.22223,3
2623,Mainline sensor,I-94,WB,44.95765,-93.19611,0
2624,Mainline sensor,I-94,EB,44.96696,-93.22039,0
2625,Mainline sensor,I-94,EB,44.95976,-93.20303,1
2626,Mainline sensor,I-94,EB,44.95976,-93.20303,2
2627,Mainline sensor,I-94,EB,44.95976,-93.20303,3
2628,Mainline sensor,I-94,EB,44.95967,-93.20406,1
2629,Mainline sensor,I-94,EB,44.95498,-93.18928,0
2630,Mainline sensor,I-94,EB,44.95542,-93.19053,1
2631,Mainline sensor,I-94,EB,44.95542,-93.19053,2
2632,Mainline sensor,I-94,EB,44.95542,-93.19053,3
2633,Mainline sensor,I-94,EB,44.95542,-93.19053,4
2634,Mainline sensor,I-94,EB,44.95156,-93.16256,1
2635,Mainline sensor,I-94,EB,44.95156,-93.16256,2
2636,Mainline sensor,I-94,EB,44.95156,-93.16256,3
2637,Mainline sensor,I-94,EB,44.95156,-93.16196,0
2638,Mainline sensor,I-94,EB,44.95158,-93.14367,1
2639,Mainline sensor,I-94,EB,44.95158,-93.14367,2
2640,Mainline sensor,I-94,EB,44.95158,-93.14367,3
2641,Mainline sensor,I-94,EB,44.95158,-93.14367,4
2642,Mainline sensor,I-94,EB,44.95159,-93.1419,0
2643,Mainline sensor,I-94,EB,44.95162,-93.1236,1
2644,Mainline sensor,I-94,EB,44.95162,-93.1236,2
2645,Mainline sensor,I-94,EB,44.95162,-93.1236,3
2646,Mainline sensor,I-94,EB,44.95162,-93.1236,4
2647,Mainline sensor,I-94,EB,44.95161,-93.12235,0
2648,Mainline sensor,I-94,EB,44.9508,-93.11033,1
2649,Mainline sensor,I-94,EB,44.9508,-93.11033,2
2650,Mainline sensor,I-94,EB,44.9508,-93.11033,3
2652,Mainline sensor,I-94,EB,44.95043,-93.1044,0
2653,Mainline sensor,I-94,WB,44.95093,-93.11033,1
2654,Mainline sensor,I-94,WB,44.95093,-93.11033,2
2655,Mainline sensor,I-94,WB,44.95093,-93.11033,3
2656,Mainline sensor,I-94,WB,44.9511,-93.11352,0
2657,Mainline sensor,I-94,WB,44.9511,-93.11352,0
2658,Mainline sensor,I-94,WB,44.95185,-93.13395,0
2663,Mainline sensor,I-94,WB,44.95179,-93.14374,1
2664,Mainline sensor,I-94,WB,44.95179,-93.14374,2
2665,Mainline sensor,I-94,WB,44.95179,-93.14374,3
2666,Mainline sensor,I-94,WB,44.95179,-93.14374,4
2667,Mainline sensor,I-94,WB,44.95179,-93.15035,0
2668,Mainline sensor,I-94,WB,44.95183,-93.16994,1
2669,Mainline sensor,I-94,WB,44.95183,-93.16994,2
2670,Mainline sensor,I-94,WB,44.95183,-93.16994,3
2671,Mainline sensor,I-94,WB,44.95184,-93.17088,0
2672,Mainline sensor,I-94,WB,44.95712,-93.19464,1
2673,Mainline sensor,I-94,WB,44.95712,-93.19464,2
2674,Mainline sensor,I-94,WB,44.95712,-93.19464,3
2675,Mainline sensor,I-94,WB,44.95712,-93.19464,4
2676,Mainline sensor,I-94,WB,44.96034,-93.20487,1
2677,Mainline sensor,I-94,WB,44.96034,-93.20487,2
2678,Mainline sensor,I-94,WB,44.96034,-93.20487,3
2679,Mainline sensor,I-94,WB,44.96035,-93.20964,0
2680,Mainline sensor,I-94,WB,44.96703,-93.22436,0
2681,Mainline sensor,I-94,WB,44.96737,-93.22225,1
2682,Mainline sensor,I-94,WB,44.96737,-93.22225,2
2683,Mainline sensor,I-94,WB,44.96737,-93.22225,3
2684,Mainline sensor,I-94,WB,44.96436,-93.23804,1
2685,Mainline sensor,I-94,WB,44.96436,-93.23804,2
2686,Mainline sensor,I-94,WB,44.96436,-93.23804,3
2687,Mainline sensor,I-94,WB,44.96436,-93.23846,0
2688,Mainline sensor,I-94,WB,44.96601,-93.24793,0
2690,Mainline sensor,I-94,WB,44.96611,-93.2597,0
2691,Mainline sensor,I-94,WB,44.96612,-93.25863,0
2692,Mainline sensor,I-94,WB,44.96608,-93.25418,1
2693,Mainline sensor,I-94,WB,44.96608,-93.25418,2
2694,Mainline sensor,I-94,WB,44.96608,-93.25418,3
2695,Mainline sensor,I-94,WB,44.96605,-93.26399,1
2696,Mainline sensor,I-94,WB,44.96605,-93.26399,2
2697,Mainline sensor,I-94,WB,44.96605,-93.26399,3
2698,Mainline sensor,I-94,WB,44.96605,-93.26399,4
2699,Mainline sensor,I-94,WB,44.95765,-93.19611,0
27,Mainline sensor,I-94,WB,44.99285,-93.28435,2
2700,Mainline sensor,I-94,WB,44.95765,-93.19611,0
28,Mainline sensor,I-94,WB,44.99285,-93.28435,3
2852,Mainline sensor,I-94,WB,45.08973,-93.43135,0
2853,Mainline sensor,I-94,EB,45.10515,-93.46106,0
2854,Mainline sensor,I-94,EB,45.10515,-93.46106,0
2855,Mainline sensor,I-94,EB,45.10515,-93.46106,0
2856,Mainline sensor,I-94,EB,45.1033,-93.45873,0
2857,Mainline sensor,I-94,EB,45.07767,-93.36791,0
2858,Mainline sensor,I-94,EB,45.07767,-93.36791,0
2859,Mainline sensor,I-94,WB,45.07817,-93.37283,0
29,Mainline sensor,I-94,WB,44.99285,-93.28435,4
2958,Mainline sensor,I-94,EB,45.08846,-93.42418,0
30,Mainline sensor,I-94,WB,44.99285,-93.28435,5
3123,Mainline sensor,I-94,EB,44.97858,-93.2876,0
3124,Mainline sensor,I-94,EB,44.96463,-93.28355,0
3125,Mainline sensor,I-94,EB,44.96475,-93.28307,1
3126,Mainline sensor,I-94,EB,44.96545,-93.26327,0
3127,Mainline sensor,I-94,EB,44.96584,-93.24815,0
3128,Mainline sensor,I-94,EB,44.96463,-93.24442,0
3129,Mainline sensor,I-94,WB,44.96512,-93.24537,0
3130,Mainline sensor,I-94,WB,44.9654,-93.24617,1
3131,Mainline sensor,I-94,WB,44.9654,-93.24617,2
3132,Mainline sensor,I-94,WB,44.9654,-93.24617,3
3133,Mainline sensor,I-94,EB,44.96422,-93.24091,0
3134,Mainline sensor,I-94,EB,44.96422,-93.23944,1
3135,Mainline sensor,I-94,EB,44.96422,-93.23944,2
3136,Mainline sensor,I-94,EB,44.96422,-93.23944,3
3137,Mainline sensor,I-94,EB,44.96445,-93.22971,4
3138,Mainline sensor,I-94,WB,44.96458,-93.23013,0
3139,Mainline sensor,I-94,WB,44.96504,-93.22865,1
3140,Mainline sensor,I-94,WB,44.96504,-93.22865,2
3141,Mainline sensor,I-94,WB,44.96504,-93.22865,3
3142,Mainline sensor,I-94,WB,44.96504,-93.22865,4
3143,Mainline sensor,I-94,WB,44.96723,-93.22064,0
3144,Mainline sensor,I-94,WB,44.96703,-93.22436,0
3145,Mainline sensor,I-94,EB,44.9664,-93.22515,0
3146,Mainline sensor,I-94,EB,44.96696,-93.22039,0
3147,Mainline sensor,I-94,EB,44.96696,-93.22039,0
3148,Mainline sensor,I-94,EB,44.9644,-93.22994,0
3149,Mainline sensor,I-94,EB,45.07583,-93.3432,3
3150,Mainline sensor,I-94,EB,44.96475,-93.28307,1
3151,Mainline sensor,I-94,EB,44.96475,-93.28307,2
3156,Mainline sensor,I-94,EB,44.95158,-93.15975,0
3158,Mainline sensor,I-94,EB,44.95043,-93.1044,1
3159,Mainline sensor,I-94,EB,44.95377,-93.09101,0
3161,Mainline sensor,I-94,EB,44.96147,-93.212,1
3162,Mainline sensor,I-94,EB,44.96147,-93.212,2
3163,Mainline sensor,I-94,EB,44.96147,-93.212,3
3164,Mainline sensor,I-94,EB,44.95834,-93.1984,0
3165,Mainline sensor,I-94,EB,44.9582,-93.19809,0
3166,Mainline sensor,I-94,EB,44.95355,-93.18487,1
3167,Mainline sensor,I-94,EB,44.95355,-93.18487,2
3168,Mainline sensor,I-94,EB,44.95355,-93.18487,3
3169,Mainline sensor,I-94,EB,44.95355,-93.18487,4
3170,Mainline sensor,I-94,EB,44.95162,-93.17076,0
3171,Mainline sensor,I-94,EB,44.95162,-93.15644,1
3172,Mainline sensor,I-94,EB,44.95162,-93.15644,2
3173,Mainline sensor,I-94,EB,44.95162,-93.15644,3
3174,Mainline sensor,I-94,EB,44.95162,-93.15644,4
3175,Mainline sensor,I-94,EB,44.95161,-93.15079,0
3176,Mainline sensor,I-94,EB,44.95161,-93.13685,1
3177,Mainline sensor,I-94,EB,44.95161,-93.13685,2
3178,Mainline sensor,I-94,EB,44.95161,-93.13685,3
3179,Mainline sensor,I-94,EB,44.95161,-93.13685,4
3180,Mainline sensor,I-94,EB,44.95163,-93.13311,0
3181,Mainline sensor,I-94,EB,44.95107,-93.11582,0
3183,Mainline sensor,I-94,EB,44.95359,-93.0901,0
3184,Mainline sensor,I-94,EB,44.95181,-93.08576,0
3185,Mainline sensor,I-94,EB,44.9535,-93.08035,1
3186,Mainline sensor,I-94,EB,44.9535,-93.08035,2
3187,Mainline sensor,I-94,EB,44.9535,-93.08035,3
3188,Mainline sensor,I-94,EB,44.95485,-93.07485,1
3189,Mainline sensor,I-94,EB,44.95485,-93.07485,2
3190,Mainline sensor,I-94,EB,44.95485,-93.07485,3
3191,Mainline sensor,I-94,EB,44.95189,-93.06805,1
3192,Mainline sensor,I-94,EB,44.95189,-93.06805,2
3193,Mainline sensor,I-94,EB,44.95189,-93.06805,3
3194,Mainline sensor,I-94,EB,44.95183,-93.0662,1
3195,Mainline sensor,I-94,EB,44.95183,-93.0662,2
3196,Mainline sensor,I-94,EB,44.95372,-93.07985,0
3197,Mainline sensor,I-94,EB,44.95448,-93.07768,1
3198,Mainline sensor,I-94,EB,44.95448,-93.07768,2
3199,Mainline sensor,I-94,EB,44.95485,-93.07485,4
3200,Mainline sensor,I-94,WB,44.96257,-93.21311,1
3201,Mainline sensor,I-94,WB,44.96257,-93.21311,2
3202,Mainline sensor,I-94,WB,44.96257,-93.21311,3
3203,Mainline sensor,I-94,WB,44.96,-93.20091,0
3204,Mainline sensor,I-94,EB,44.95329,-93.08093,0
3205,Mainline sensor,I-94,EB,44.95329,-93.08093,0
3206,Mainline sensor,I-94,WB,44.9552,-93.18916,0
3207,Mainline sensor,I-94,WB,44.95283,-93.18185,1
3208,Mainline sensor,I-94,WB,44.95283,-93.18185,2
3209,Mainline sensor,I-94,WB,44.95283,-93.18185,3
3210,Mainline sensor,I-94,WB,44.95283,-93.18185,4
3211,Mainline sensor,I-94,WB,44.95178,-93.16205,0
3212,Mainline sensor,I-94,WB,44.95183,-93.1564,1
3213,Mainline sensor,I-94,WB,44.95183,-93.1564,2
3214,Mainline sensor,I-94,WB,44.95183,-93.1564,3
3215,Mainline sensor,I-94,WB,44.95183,-93.1564,4
3216,Mainline sensor,I-94,WB,44.95186,-93.15318,0
3217,Mainline sensor,I-94,WB,44.95181,-93.14197,0
3218,Mainline sensor,I-94,WB,44.95183,-93.13689,1
3219,Mainline sensor,I-94,WB,44.95183,-93.13689,2
3220,Mainline sensor,I-94,WB,44.95183,-93.13689,3
3221,Mainline sensor,I-94,WB,44.95183,-93.13689,4
3222,Mainline sensor,I-94,WB,44.95187,-93.1267,1
3223,Mainline sensor,I-94,WB,44.95187,-93.1267,2
3224,Mainline sensor,I-94,WB,44.95187,-93.1267,3
3225,Mainline sensor,I-94,WB,44.95187,-93.1267,4
3226,Mainline sensor,I-94,WB,44.95184,-93.12312,0
3227,Mainline sensor,I-94,WB,44.95089,-93.10608,0
3228,Mainline sensor,I-94,WB,44.95101,-93.11214,0
3229,Mainline sensor,I-94,WB,44.9533,-93.08177,0
3230,Mainline sensor,I-94,WB,44.95333,-93.08169,0
3231,Mainline sensor,I-94,WB,44.95377,-93.08043,1
3232,Mainline sensor,I-94,WB,44.95377,-93.08043,2
3233,Mainline sensor,I-94,WB,44.95377,-93.08043,3
3234,Mainline sensor,I-94,WB,44.9553,-93.07585,1
3235,Mainline sensor,I-94,WB,44.9553,-93.07585,2
3236,Mainline sensor,I-94,WB,44.9553,-93.07585,3
3238,Mainline sensor,I-94,WB,44.95211,-93.06805,1
3239,Mainline sensor,I-94,WB,44.95211,-93.06805,2
3240,Mainline sensor,I-94,WB,44.95211,-93.06805,3
3241,Mainline sensor,I-94,WB,44.95208,-93.06737,1
3242,Mainline sensor,I-94,WB,44.95208,-93.06737,2
3244,Mainline sensor,I-94,WB,44.95477,-93.07788,0
3245,Mainline sensor,I-94,EB,44.95189,-93.06805,4
3410,Mainline sensor,I-94,WB,45.07275,-93.31305,0
3411,Mainline sensor,I-94,WB,45.07599,-93.3365,0
3526,Mainline sensor,I-94,WB,44.96703,-93.22436,0
3527,Mainline sensor,I-94,WB,44.95765,-93.19611,1
3528,Mainline sensor,I-94,WB,44.95765,-93.19611,2
3529,Mainline sensor,I-94,EB,44.95498,-93.18928,1
3530,Mainline sensor,I-94,EB,44.95498,-93.18928,2
3531,Mainline sensor,I-94,EB,44.95156,-93.16196,0
3532,Mainline sensor,I-94,EB,44.95159,-93.1419,0
3533,Mainline sensor,I-94,EB,44.95161,-93.12235,0
3534,Mainline sensor,I-94,WB,44.95088,-93.10487,0
3539,Mainline sensor,I-94,EB,45.0213,-93.28346,0
356,Mainline sensor,I-94,WB,44.96637,-93.27099,1
357,Mainline sensor,I-94,WB,44.96637,-93.27099,2
358,Mainline sensor,I-94,WB,44.96637,-93.27099,3
361,Mainline sensor,I-94,WB,44.9668,-93.27543,0
362,Mainline sensor,I-94,WB,44.9668,-93.27543,1
363,Mainline sensor,I-94,WB,44.9668,-93.27543,2
364,Mainline sensor,I-94,WB,44.9668,-93.27543,3
365,Mainline sensor,I-94,WB,44.96615,-93.27861,1
366,Mainline sensor,I-94,WB,44.96615,-93.27861,2
367,Mainline sensor,I-94,WB,44.96615,-93.27861,3
368,Mainline sensor,I-94,WB,44.96615,-93.27861,4
369,Mainline sensor,I-94,WB,44.96564,-93.28046,1
37,Mainline sensor,I-94,EB,45.00669,-93.28282,0
370,Mainline sensor,I-94,WB,44.96564,-93.28046,2
371,Mainline sensor,I-94,WB,44.96564,-93.28046,3
372,Mainline sensor,I-94,WB,44.96564,-93.28046,4
373,Mainline sensor,I-94,WB,44.96486,-93.28341,1
374,Mainline sensor,I-94,WB,44.96486,-93.28341,2
375,Mainline sensor,I-94,WB,44.96458,-93.28585,1
376,Mainline sensor,I-94,WB,44.96458,-93.28585,2
377,Mainline sensor,I-94,WB,44.96458,-93.28585,3
3778,Mainline sensor,I-94,EB,44.96475,-93.28307,2
3779,Mainline sensor,I-94,EB,44.95043,-93.1044,2
378,Mainline sensor,I-94,WB,44.96478,-93.28671,1
379,Mainline sensor,I-94,WB,44.96478,-93.28671,2
38,Mainline sensor,I-94,EB,45.00431,-93.28289,1
380,Mainline sensor,I-94,WB,44.96478,-93.28671,3
381,Mainline sensor,I-94,WB,44.96563,-93.28775,1
382,Mainline sensor,I-94,WB,44.96563,-93.28775,2
383,Mainline sensor,I-94,WB,44.96563,-93.28775,3
387,Mainline sensor,I-94,WB,45.06846,-93.28752,1
388,Mainline sensor,I-94,WB,45.06846,-93.28752,2
39,Mainline sensor,I-94,EB,45.00431,-93.28289,2
390,Mainline sensor,I-94,WB,44.96813,-93.28777,1
3905,Mainline sensor,I-94,EB,45.07572,-93.32906,0
3906,Mainline sensor,I-94,EB,45.06888,-93.30024,0
391,Mainline sensor,I-94,WB,44.96813,-93.28777,2
392,Mainline sensor,I-94,WB,44.96813,-93.28777,3
399,Mainline sensor,I-94,WB,44.97059,-93.28731,1
40,Mainline sensor,I-94,EB,45.00431,-93.28289,3
400,Mainline sensor,I-94,WB,44.97059,-93.28731,2
401,Mainline sensor,I-94,WB,44.97059,-93.28731,3
407,Mainline sensor,I-94,EB,44.97006,-93.28771,1
408,Mainline sensor,I-94,EB,44.97006,-93.28771,2
409,Mainline sensor,I-94,EB,44.97006,-93.28771,3
41,Mainline sensor,I-94,EB,45.00431,-93.28289,4
413,Mainline sensor,I-94,EB,44.96594,-93.27855,1
414,Mainline sensor,I-94,EB,44.96594,-93.27855,2
415,Mainline sensor,I-94,EB,44.96594,-93.27855,3
416,Mainline sensor,I-94,EB,44.96812,-93.28801,1
417,Mainline sensor,I-94,EB,44.96812,-93.28801,2
418,Mainline sensor,I-94,EB,44.96812,-93.28801,3
419,Mainline sensor,I-94,EB,44.96594,-93.27855,4
42,Mainline sensor,I-94,EB,45.00431,-93.28289,5
420,Mainline sensor,I-94,EB,45.0213,-93.28346,0
425,Mainline sensor,I-94,EB,44.96556,-93.28797,1
426,Mainline sensor,I-94,EB,44.96556,-93.28797,2
427,Mainline sensor,I-94,EB,44.96556,-93.28797,3
43,Mainline sensor,I-94,WB,45.00429,-93.28268,1
431,Mainline sensor,I-94,EB,44.9646,-93.28686,1
432,Mainline sensor,I-94,EB,44.9646,-93.28686,2
433,Mainline sensor,I-94,EB,44.9646,-93.28686,3
434,Mainline sensor,I-94,EB,44.96463,-93.28355,0
435,Mainline sensor,I-94,EB,44.96475,-93.28307,0
4350,Mainline sensor,I-94,WB,45.21803,-93.59563,1
4351,Mainline sensor,I-94,WB,45.21803,-93.59563,2
4352,Mainline sensor,I-94,EB,45.21789,-93.59586,1
4353,Mainline sensor,I-94,EB,45.21789,-93.59586,2
44,Mainline sensor,I-94,WB,45.00429,-93.28268,2
45,Mainline sensor,I-94,WB,45.00429,-93.28268,3
451,Mainline sensor,I-94,WB,45.05142,-93.28511,1
452,Mainline sensor,I-94,WB,45.05142,-93.28511,2
453,Mainline sensor,I-94,WB,45.05142,-93.28511,3
454,Mainline sensor,I-94,WB,45.05142,-93.28511,4
455,Mainline sensor,I-94,WB,45.05407,-93.28611,0
46,Mainline sensor,I-94,WB,45.00429,-93.28268,4
468,Mainline sensor,I-94,EB,45.05816,-93.28724,1
469,Mainline sensor,I-94,EB,45.05816,-93.28724,2
47,Mainline sensor,I-94,WB,45.00429,-93.28268,5
470,Mainline sensor,I-94,EB,45.05816,-93.28724,3
471,Mainline sensor,I-94,EB,45.05816,-93.28724,4
472,Mainline sensor,I-94,WB,45.05814,-93.28702,1
473,Mainline sensor,I-94,WB,45.05814,-93.28702,2
474,Mainline sensor,I-94,WB,45.05814,-93.28702,3
475,Mainline sensor,I-94,WB,45.05814,-93.28702,4
476,Mainline sensor,I-94,EB,45.0648,-93.28621,1
477,Mainline sensor,I-94,EB,45.0648,-93.28621,2
478,Mainline sensor,I-94,EB,45.0648,-93.28621,3
479,Mainline sensor,I-94,EB,45.0648,-93.28621,4
48,Mainline sensor,I-94,WB,45.00563,-93.2827,0
481,Mainline sensor,I-94,WB,45.06443,-93.28572,1
482,Mainline sensor,I-94,WB,45.06443,-93.28572,2
483,Mainline sensor,I-94,WB,45.06443,-93.28572,3
4837,Mainline sensor,I-94,EB,45.10515,-93.46106,0
4838,Mainline sensor,I-94,EB,45.1033,-93.45873,0
4839,Mainline sensor,I-94,EB,45.08846,-93.42418,0
484,Mainline sensor,I-94,WB,45.06443,-93.28572,4
4840,Mainline sensor,I-94,EB,45.08328,-93.40312,0
4841,Mainline sensor,I-94,EB,45.08149,-93.39767,0
4842,Mainline sensor,I-94,EB,45.07863,-93.38797,0
4843,Mainline sensor,I-94,EB,45.07767,-93.36791,0
4844,Mainline sensor,I-94,EB,45.07572,-93.32906,0
4845,Mainline sensor,I-94,EB,45.06888,-93.30024,0
4848,Mainline sensor,I-94,EB,45.0213,-93.28346,0
4849,Mainline sensor,I-94,EB,44.99577,-93.28316,0
4850,Mainline sensor,I-94,EB,44.97858,-93.2876,0
4851,Mainline sensor,I-94,EB,44.96463,-93.28355,0
4852,Mainline sensor,I-94,EB,44.96475,-93.28307,0
4853,Mainline sensor,I-94,EB,44.96545,-93.26327,0
4854,Mainline sensor,I-94,EB,44.96584,-93.24815,0
4855,Mainline sensor,I-94,EB,44.96463,-93.24442,0
4856,Mainline sensor,I-94,EB,44.9644,-93.22994,0
4857,Mainline sensor,I-94,EB,44.96696,-93.22039,0
4858,Mainline sensor,I-94,EB,44.95498,-93.18928,0
4859,Mainline sensor,I-94,EB,44.95156,-93.16196,0
4860,Mainline sensor,I-94,EB,44.95159,-93.1419,0
4861,Mainline sensor,I-94,EB,44.95161,-93.12235,0
4862,Mainline sensor,I-94,EB,44.95043,-93.1044,0
4863,Mainline sensor,I-94,EB,44.95377,-93.09101,0
4864,Mainline sensor,I-94,EB,44.95329,-93.08093,0
4865,Mainline sensor,I-94,WB,44.95477,-93.07788,0
4867,Mainline sensor,I-94,WB,44.95088,-93.10487,0
4868,Mainline sensor,I-94,WB,44.9511,-93.11352,0
4869,Mainline sensor,I-94,WB,44.95185,-93.13395,0
4870,Mainline sensor,I-94,WB,44.95179,-93.15035,0
4871,Mainline sensor,I-94,WB,44.95184,-93.17088,0
4872,Mainline sensor,I-94,WB,44.95765,-93.19611,0
4873,Mainline sensor,I-94,WB,44.96035,-93.20964,0
4874,Mainline sensor,I-94,WB,44.96703,-93.22436,0
4875,Mainline sensor,I-94,WB,44.96436,-93.23846,0
4876,Mainline sensor,I-94,WB,44.96612,-93.25863,0
4877,Mainline sensor,I-94,WB,44.96683,-93.27431,0
4878,Mainline sensor,I-94,WB,44.96683,-93.27503,0
4879,Mainline sensor,I-94,WB,45.00563,-93.2827,0
4880,Mainline sensor,I-94,WB,45.02607,-93.28538,0
4881,Mainline sensor,I-94,WB,45.05407,-93.28611,0
4882,Mainline sensor,I-94,WB,45.07275,-93.31305,0
4883,Mainline sensor,I-94,WB,45.07599,-93.3365,0
4884,Mainline sensor,I-94,WB,45.07817,-93.37283,0
4885,Mainline sensor,I-94,WB,45.08012,-93.39255,0
4886,Mainline sensor,I-94,WB,45.08296,-93.40139,0
4887,Mainline sensor,I-94,WB,45.08454,-93.40626,0
4888,Mainline sensor,I-94,WB,45.08973,-93.43135,0
49,Mainline sensor,I-94,EB,45.00952,-93.28285,1
4926,Mainline sensor,I-94,WB,44.95088,-93.00895,0
4927,Mainline sensor,I-94,WB,44.95165,-93.01945,0
4928,Mainline sensor,I-94,WB,44.95151,-93.02745,0
4950,Mainline sensor,I-94,EB,44.95215,-93.03452,0
497,Mainline sensor,I-94,EB,44.96623,-93.27122,1
4978,Mainline sensor,I-94,WB,44.9487,-92.935,0
4979,Mainline sensor,I-94,WB,44.94868,-92.90749,0
498,Mainline sensor,I-94,EB,44.96623,-93.27122,2
4980,Mainline sensor,I-94,WB,44.94873,-92.86794,0
4981,Mainline sensor,I-94,WB,45.13945,-93.49537,0
499,Mainline sensor,I-94,EB,44.96623,-93.27122,3
50,Mainline sensor,I-94,EB,45.00952,-93.28285,2
5000,Mainline sensor,I-94,WB,45.08667,-93.41508,3
5001,Mainline sensor,I-94,WB,45.08667,-93.41508,4
5002,Mainline sensor,I-94,EB,45.08649,-93.4153,3
5003,Mainline sensor,I-94,EB,45.08649,-93.4153,4
5006,Mainline sensor,I-94,WB,44.97914,-93.28726,0
5011,Mainline sensor,I-94,EB,44.95181,-93.05137,1
5012,Mainline sensor,I-94,EB,44.95181,-93.05137,2
5013,Mainline sensor,I-94,EB,44.95181,-93.05137,3
5014,Mainline sensor,I-94,EB,44.95181,-93.05137,4
5015,Mainline sensor,I-94,EB,44.95181,-93.05137,5
5016,Mainline sensor,I-94,EB,44.95227,-93.04646,1
5017,Mainline sensor,I-94,EB,44.95227,-93.04646,2
5021,Mainline sensor,I-94,EB,44.95257,-93.03933,1
5022,Mainline sensor,I-94,EB,44.95257,-93.03933,2
5023,Mainline sensor,I-94,EB,44.95257,-93.03933,3
5024,Mainline sensor,I-94,EB,44.95215,-93.03452,2
5025,Mainline sensor,I-94,EB,44.95215,-93.03452,3
5026,Mainline sensor,I-94,EB,44.95127,-93.02714,0
5027,Mainline sensor,I-94,EB,44.95121,-93.02557,1
5028,Mainline sensor,I-94,EB,44.95121,-93.02557,2
5029,Mainline sensor,I-94,EB,44.95121,-93.02557,3
5030,Mainline sensor,I-94,EB,44.95119,-93.02288,0
5031,Mainline sensor,I-94,EB,44.95143,-93.01942,0
5032,Mainline sensor,I-94,EB,44.95149,-93.01781,1
5033,Mainline sensor,I-94,EB,44.95149,-93.01781,2
5034,Mainline sensor,I-94,EB,44.95149,-93.01781,3
5035,Mainline sensor,I-94,EB,44.95049,-93.00758,0
5036,Mainline sensor,I-94,EB,44.95011,-93.00442,0
5037,Mainline sensor,I-94,EB,44.94945,-92.99896,1
5038,Mainline sensor,I-94,EB,44.94945,-92.99896,2
5039,Mainline sensor,I-94,EB,44.94927,-92.99748,0
5040,Mainline sensor,I-94,EB,44.94832,-92.98877,0
5041,Mainline sensor,I-94,EB,44.94834,-92.98462,1
5042,Mainline sensor,I-94,EB,44.94834,-92.98462,2
5043,Mainline sensor,I-94,EB,44.94838,-92.98287,0
5044,Mainline sensor,I-94,EB,44.94842,-92.97176,1
5045,Mainline sensor,I-94,EB,44.94842,-92.97176,2
5046,Mainline sensor,I-94,EB,44.94842,-92.97176,3
5047,Mainline sensor,I-94,EB,44.94842,-92.97176,4
5052,Mainline sensor,I-94,WB,44.95058,-93.00641,1
5053,Mainline sensor,I-94,WB,44.95058,-93.00641,2
5054,Mainline sensor,I-94,WB,44.95058,-93.00641,3
5055,Mainline sensor,I-94,EB,44.95036,-93.00649,1
5056,Mainline sensor,I-94,EB,44.95036,-93.00649,2
5057,Mainline sensor,I-94,EB,44.95036,-93.00649,3
5058,Mainline sensor,I-94,EB,44.94945,-92.99896,3
5059,Mainline sensor,I-94,EB,44.94834,-92.98462,3
5062,Mainline sensor,I-94,EB,44.94824,-92.94052,0
5063,Mainline sensor,I-94,EB,44.94849,-92.93497,1
5064,Mainline sensor,I-94,EB,44.94868,-92.92949,1
5065,Mainline sensor,I-94,EB,44.94868,-92.92949,2
5066,Mainline sensor,I-94,EB,44.94868,-92.92949,3
5067,Mainline sensor,I-94,EB,44.94846,-92.90745,0
5068,Mainline sensor,I-94,EB,44.94843,-92.90231,1
5069,Mainline sensor,I-94,EB,44.94843,-92.90231,2
507,Mainline sensor,I-94,EB,45.05131,-93.2854,1
5070,Mainline sensor,I-94,EB,44.94843,-92.90231,3
5071,Mainline sensor,I-94,EB,44.94844,-92.89807,0
5072,Mainline sensor,I-94,EB,44.9485,-92.88363,1
5073,Mainline sensor,I-94,EB,44.9485,-92.88363,2
5074,Mainline sensor,I-94,EB,44.9485,-92.88363,3
5075,Mainline sensor,I-94,EB,44.94851,-92.8679,0
5076,Mainline sensor,I-94,EB,44.94852,-92.86592,1
5077,Mainline sensor,I-94,EB,44.94852,-92.86592,2
5078,Mainline sensor,I-94,EB,44.94852,-92.86592,3
5079,Mainline sensor,I-94,EB,44.94849,-92.85777,0
508,Mainline sensor,I-94,EB,45.05131,-93.2854,2
5080,Mainline sensor,I-94,EB,44.94853,-92.95678,1
5081,Mainline sensor,I-94,EB,44.94853,-92.95678,2
5082,Mainline sensor,I-94,EB,44.94853,-92.95678,3
5083,Mainline sensor,I-94,EB,44.94855,-92.96123,1
5084,Mainline sensor,I-94,EB,44.94855,-92.96123,2
5087,Mainline sensor,I-94,EB,44.94855,-92.96123,3
509,Mainline sensor,I-94,EB,45.05131,-93.2854,3
51,Mainline sensor,I-94,EB,45.00952,-93.28285,3
510,Mainline sensor,I-94,EB,45.05131,-93.2854,4
5100,Mainline sensor,I-94,WB,44.94876,-92.85782,0
5101,Mainline sensor,I-94,WB,44.94873,-92.86596,1
5102,Mainline sensor,I-94,WB,44.94873,-92.86596,2
5103,Mainline sensor,I-94,WB,44.94873,-92.86596,3
5104,Mainline sensor,I-94,WB,44.94873,-92.86794,0
5105,Mainline sensor,I-94,WB,44.94872,-92.88364,1
5106,Mainline sensor,I-94,WB,44.94872,-92.88364,2
5107,Mainline sensor,I-94,WB,44.94872,-92.88364,3
5108,Mainline sensor,I-94,WB,44.94869,-92.89653,0
5109,Mainline sensor,I-94,WB,44.94867,-92.90234,1
511,Mainline sensor,I-94,EB,45.05505,-93.28697,0
5110,Mainline sensor,I-94,WB,44.94867,-92.90234,2
5111,Mainline sensor,I-94,WB,44.94867,-92.90234,3
5112,Mainline sensor,I-94,WB,44.94868,-92.90749,0
5114,Mainline sensor,I-94,WB,44.94892,-92.9295,1
5115,Mainline sensor,I-94,WB,44.94892,-92.9295,2
5116,Mainline sensor,I-94,WB,44.94892,-92.9295,3
5118,Mainline sensor,I-94,WB,44.94893,-92.9276,0
5119,Mainline sensor,I-94,WB,44.9487,-92.935,0
5134,Mainline sensor,I-94,WB,44.94869,-92.95679,1
5135,Mainline sensor,I-94,WB,44.94869,-92.95679,2
5136,Mainline sensor,I-94,WB,44.94877,-92.96922,1
5137,Mainline sensor,I-94,WB,44.94877,-92.96922,2
5138,Mainline sensor,I-94,WB,44.94877,-92.96922,3
5139,Mainline sensor,I-94,WB,44.94877,-92.96922,4
5140,Mainline sensor,I-94,WB,44.94854,-92.9833,0
5141,Mainline sensor,I-94,WB,44.94855,-92.98462,1
5142,Mainline sensor,I-94,WB,44.94855,-92.98462,2
5143,Mainline sensor,I-94,WB,44.94855,-92.98892,0
5144,Mainline sensor,I-94,WB,44.94932,-92.99639,2
5145,Mainline sensor,I-94,WB,44.94971,-92.99909,1
5146,Mainline sensor,I-94,WB,44.94971,-92.99909,2
5147,Mainline sensor,I-94,WB,44.94995,-93.00079,1
5148,Mainline sensor,I-94,WB,44.94971,-92.99909,3
5149,Mainline sensor,I-94,WB,44.95088,-93.00895,0
5150,Mainline sensor,I-94,WB,44.95173,-93.01782,1
5151,Mainline sensor,I-94,WB,44.95173,-93.01782,2
5152,Mainline sensor,I-94,WB,44.95173,-93.01782,3
5153,Mainline sensor,I-94,WB,44.94855,-92.98462,3
5154,Mainline sensor,I-94,WB,44.95165,-93.01945,0
5155,Mainline sensor,I-94,WB,44.95142,-93.02278,0
5156,Mainline sensor,I-94,WB,44.95144,-93.02552,1
5157,Mainline sensor,I-94,WB,44.95144,-93.02552,2
5158,Mainline sensor,I-94,WB,44.95144,-93.02552,3
5159,Mainline sensor,I-94,WB,44.95151,-93.02745,0
5160,Mainline sensor,I-94,WB,44.95245,-93.0354,0
5161,Mainline sensor,I-94,WB,44.95278,-93.03929,1
5162,Mainline sensor,I-94,WB,44.95278,-93.03929,2
5163,Mainline sensor,I-94,WB,44.95278,-93.03929,3
5164,Mainline sensor,I-94,WB,44.95245,-93.047,1
5165,Mainline sensor,I-94,WB,44.95245,-93.047,2
5171,Mainline sensor,I-94,WB,44.95201,-93.05166,1
5172,Mainline sensor,I-94,WB,44.95201,-93.05166,2
5173,Mainline sensor,I-94,WB,44.95201,-93.05166,3
5174,Mainline sensor,I-94,WB,44.95201,-93.05166,4
5175,Mainline sensor,I-94,WB,44.95201,-93.05166,5
52,Mainline sensor,I-94,EB,45.00952,-93.28285,4
53,Mainline sensor,I-94,EB,45.00952,-93.28285,5
5310,Mainline sensor,I-94,EB,44.96696,-93.22039,2
5323,Mainline sensor,I-94,WB,44.97914,-93.28726,0
5325,Mainline sensor,I-94,WB,44.99401,-93.28342,0
5331,Mainline sensor,I-94,WB,45.10231,-93.45711,0
5333,Mainline sensor,I-94,WB,45.10681,-93.46324,0
5334,Mainline sensor,I-94,WB,45.11559,-93.47688,1
5335,Mainline sensor,I-94,WB,45.11559,-93.47688,2
5336,Mainline sensor,I-94,WB,45.11559,-93.47688,3
5337,Mainline sensor,I-94,WB,45.12282,-93.48261,0
5338,Mainline sensor,I-94,WB,45.12575,-93.48437,1
5339,Mainline sensor,I-94,WB,45.12575,-93.48437,2
5340,Mainline sensor,I-94,WB,45.12575,-93.48437,3
5342,Mainline sensor,I-94,WB,45.12949,-93.48685,0
5343,Mainline sensor,I-94,WB,45.13796,-93.49411,1
5344,Mainline sensor,I-94,WB,45.13796,-93.49411,2
5345,Mainline sensor,I-94,WB,45.13796,-93.49411,3
5346,Mainline sensor,I-94,WB,45.14886,-93.50067,2
5347,Mainline sensor,I-94,WB,45.14886,-93.50067,3
5348,Mainline sensor,I-94,WB,45.14886,-93.50067,4
5349,Mainline sensor,I-94,WB,45.16129,-93.51775,2
5350,Mainline sensor,I-94,WB,45.16129,-93.51775,3
5351,Mainline sensor,I-94,WB,45.16129,-93.51775,4
5352,Mainline sensor,I-94,WB,45.1737,-93.52682,2
5353,Mainline sensor,I-94,WB,45.1737,-93.52682,3
5354,Mainline sensor,I-94,WB,45.1737,-93.52682,4
5355,Mainline sensor,I-94,WB,45.18456,-93.53789,2
5356,Mainline sensor,I-94,WB,45.18456,-93.53789,3
5357,Mainline sensor,I-94,WB,45.18456,-93.53789,4
5358,Mainline sensor,I-94,WB,45.19328,-93.54854,1
5359,Mainline sensor,I-94,WB,45.19328,-93.54854,2
5360,Mainline sensor,I-94,WB,45.19652,-93.55598,0
5361,Mainline sensor,I-94,WB,45.19547,-93.55356,1
5362,Mainline sensor,I-94,WB,45.19547,-93.55356,2
5363,Mainline sensor,I-94,WB,45.19547,-93.55356,3
5366,Mainline sensor,I-94,EB,45.19636,-93.55622,0
5367,Mainline sensor,I-94,EB,45.19526,-93.55367,1
5368,Mainline sensor,I-94,EB,45.19526,-93.55367,2
5370,Mainline sensor,I-94,EB,45.19493,-93.5529,0
5372,Mainline sensor,I-94,EB,45.1931,-93.54872,0
5373,Mainline sensor,I-94,EB,45.18444,-93.53815,2
5374,Mainline sensor,I-94,EB,45.18444,-93.53815,3
5375,Mainline sensor,I-94,EB,45.18444,-93.53815,4
5376,Mainline sensor,I-94,EB,45.17367,-93.52713,2
5377,Mainline sensor,I-94,EB,45.17367,-93.52713,3
5378,Mainline sensor,I-94,EB,45.17367,-93.52713,4
5379,Mainline sensor,I-94,EB,45.16113,-93.51797,2
5380,Mainline sensor,I-94,EB,45.16113,-93.51797,3
5381,Mainline sensor,I-94,EB,45.16113,-93.51797,4
5382,Mainline sensor,I-94,EB,45.14872,-93.50103,2
5383,Mainline sensor,I-94,EB,45.14872,-93.50103,3
5384,Mainline sensor,I-94,EB,45.14872,-93.50103,4
5385,Mainline sensor,I-94,EB,45.1378,-93.49447,1
5386,Mainline sensor,I-94,EB,45.1378,-93.49447,2
5387,Mainline sensor,I-94,EB,45.1378,-93.49447,3
5388,Mainline sensor,I-94,EB,45.12996,-93.48761,0
5389,Mainline sensor,I-94,EB,45.12512,-93.48434,0
5390,Mainline sensor,I-94,EB,45.12512,-93.48434,0
5392,Mainline sensor,I-94,EB,45.12595,-93.48483,1
5393,Mainline sensor,I-94,EB,45.12595,-93.48483,2
5394,Mainline sensor,I-94,EB,45.12595,-93.48483,3
5395,Mainline sensor,I-94,EB,45.11537,-93.47713,1
5396,Mainline sensor,I-94,EB,45.11537,-93.47713,2
5397,Mainline sensor,I-94,EB,45.11537,-93.47713,3
5398,Mainline sensor,I-94,EB,45.10739,-93.46537,0
54,Mainline sensor,I-94,WB,45.0095,-93.28266,1
55,Mainline sensor,I-94,WB,45.0095,-93.28266,2
56,Mainline sensor,I-94,WB,45.0095,-93.28266,3
569,Mainline sensor,I-94,WB,44.96683,-93.27503,0
57,Mainline sensor,I-94,WB,45.0095,-93.28266,4
570,Mainline sensor,I-94,WB,44.96683,-93.27431,0
58,Mainline sensor,I-94,WB,45.0095,-93.28266,5
5834,Mainline sensor,I-94,WB,45.29905,-93.80201,1
5835,Mainline sensor,I-94,WB,45.29905,-93.80201,2
5836,Mainline sensor,I-94,WB,45.41225,-94.05781,1
5837,Mainline sensor,I-94,WB,45.41225,-94.05781,2
5838,Mainline sensor,I-94,EB,45.41212,-94.05795,1
5839,Mainline sensor,I-94,EB,45.41212,-94.05795,2
5840,Mainline sensor,I-94,EB,45.29894,-93.80207,1
5841,Mainline sensor,I-94,EB,45.29894,-93.80207,2
5842,Mainline sensor,I-94,WB,45.24105,-93.66238,1
5843,Mainline sensor,I-94,WB,45.24105,-93.66238,2
5844,Mainline sensor,I-94,EB,45.24105,-93.663,1
5845,Mainline sensor,I-94,EB,45.24105,-93.663,2
59,Mainline sensor,I-94,EB,45.01841,-93.28306,1
599,Mainline sensor,I-94,EB,45.06835,-93.28779,1
5991,Mainline sensor,I-94,EB,44.94853,-92.84317,1
5992,Mainline sensor,I-94,EB,44.94853,-92.84317,2
5993,Mainline sensor,I-94,EB,44.94853,-92.84317,3
5994,Mainline sensor,I-94,WB,44.95403,-92.79951,1
5995,Mainline sensor,I-94,WB,44.95403,-92.79951,2
5996,Mainline sensor,I-94,WB,44.95403,-92.79951,3
5997,Mainline sensor,I-94,EB,44.96197,-92.77259,1
5998,Mainline sensor,I-94,EB,44.96197,-92.77259,2
5999,Mainline sensor,I-94,EB,44.96197,-92.77259,3
60,Mainline sensor,I-94,EB,45.01841,-93.28306,2
600,Mainline sensor,I-94,EB,45.06835,-93.28779,2
6000,Mainline sensor,I-94,WB,44.96209,-92.77265,1
6001,Mainline sensor,I-94,WB,44.96209,-92.77265,2
6002,Mainline sensor,I-94,WB,44.96209,-92.77265,3
6003,Mainline sensor,I-94,EB,44.95383,-92.79938,1
6004,Mainline sensor,I-94,EB,44.95383,-92.79938,2
6005,Mainline sensor,I-94,EB,44.95383,-92.79938,3
6006,Mainline sensor,I-94,WB,44.94875,-92.84318,1
6007,Mainline sensor,I-94,WB,44.94875,-92.84318,2
6008,Mainline sensor,I-94,WB,44.94875,-92.84318,3
601,Mainline sensor,I-94,EB,45.03968,-93.28524,1
602,Mainline sensor,I-94,EB,45.03968,-93.28524,2
603,Mainline sensor,I-94,EB,45.03968,-93.28524,3
604,Mainline sensor,I-94,EB,45.03968,-93.28524,4
605,Mainline sensor,I-94,WB,45.03961,-93.28493,1
606,Mainline sensor,I-94,WB,45.03961,-93.28493,2
607,Mainline sensor,I-94,WB,45.03961,-93.28493,3
608,Mainline sensor,I-94,WB,45.03961,-93.28493,4
609,Mainline sensor,I-94,EB,45.03961,-93.28527,0
61,Mainline sensor,I-94,EB,45.01841,-93.28306,3
610,Mainline sensor,I-94,WB,45.03982,-93.28489,0
612,Mainline sensor,I-94,WB,44.97275,-93.28731,1
613,Mainline sensor,I-94,WB,44.97275,-93.28731,2
617,Mainline sensor,I-94,WB,44.97678,-93.28729,1
618,Mainline sensor,I-94,WB,44.97678,-93.28729,2
619,Mainline sensor,I-94,WB,44.97678,-93.28729,3
62,Mainline sensor,I-94,EB,45.01841,-93.28306,4
620,Mainline sensor,I-94,WB,44.97719,-93.28729,0
621,Mainline sensor,I-94,WB,44.98409,-93.28758,1
622,Mainline sensor,I-94,WB,44.98409,-93.28758,2
623,Mainline sensor,I-94,WB,44.98409,-93.28758,3
624,Mainline sensor,I-94,WB,44.98409,-93.28758,4
625,Mainline sensor,I-94,WB,44.98409,-93.28758,5
626,Mainline sensor,I-94,WB,44.98856,-93.28821,1
627,Mainline sensor,I-94,WB,44.98856,-93.28821,2
628,Mainline sensor,I-94,WB,44.98856,-93.28821,3
629,Mainline sensor,I-94,WB,44.98856,-93.28821,4
63,Mainline sensor,I-94,EB,45.01841,-93.28306,5
630,Mainline sensor,I-94,WB,44.98856,-93.28821,5
6300,Mainline sensor,I-94,EB,45.47977,-94.14124,1
6301,Mainline sensor,I-94,EB,45.47977,-94.14124,2
6302,Mainline sensor,I-94,WB,45.47998,-94.14116,1
6303,Mainline sensor,I-94,WB,45.47998,-94.14116,2
6304,Mainline sensor,I-94,EB,45.39501,-94.02564,1
6305,Mainline sensor,I-94,EB,45.39501,-94.02564,2
6306,Mainline sensor,I-94,WB,45.39551,-94.02622,1
6307,Mainline sensor,I-94,WB,45.39551,-94.02622,2
6308,Mainline sensor,I-94,EB,45.36787,-93.97412,1
6309,Mainline sensor,I-94,EB,45.36787,-93.97412,2
631,Mainline sensor,I-94,WB,44.99888,-93.28266,1
6310,Mainline sensor,I-94,WB,45.36801,-93.97417,1
6311,Mainline sensor,I-94,WB,45.36801,-93.97417,2
6312,Mainline sensor,I-94,EB,45.24989,-93.68737,1
6313,Mainline sensor,I-94,EB,45.24989,-93.68737,2
6314,Mainline sensor,I-94,WB,45.24937,-93.6851,1
6315,Mainline sensor,I-94,WB,45.24937,-93.6851,2
6316,Mainline sensor,I-94,EB,45.2251,-93.60799,1
6317,Mainline sensor,I-94,EB,45.2251,-93.60799,2
6318,Mainline sensor,I-94,WB,45.22519,-93.60785,1
6319,Mainline sensor,I-94,WB,45.22519,-93.60785,2
632,Mainline sensor,I-94,WB,44.99888,-93.28266,2
633,Mainline sensor,I-94,WB,44.99888,-93.28266,3
634,Mainline sensor,I-94,WB,44.99888,-93.28266,4
635,Mainline sensor,I-94,WB,45.00091,-93.28261,1
636,Mainline sensor,I-94,WB,45.00091,-93.28261,2
637,Mainline sensor,I-94,WB,45.04424,-93.28448,1
638,Mainline sensor,I-94,WB,45.04424,-93.28448,2
639,Mainline sensor,I-94,WB,45.04424,-93.28448,3
64,Mainline sensor,I-94,EB,45.0213,-93.28346,0
640,Mainline sensor,I-94,WB,45.04424,-93.28448,4
641,Mainline sensor,I-94,WB,45.06975,-93.29427,1
642,Mainline sensor,I-94,WB,45.06975,-93.29427,2
648,Mainline sensor,I-94,WB,45.06987,-93.30108,0
649,Mainline sensor,I-94,WB,45.07051,-93.30483,1
6498,Mainline sensor,I-94,EB,44.95215,-93.03452,0
6499,Mainline sensor,I-94,EB,44.95215,-93.03452,1
65,Mainline sensor,I-94,WB,45.01835,-93.28275,1
650,Mainline sensor,I-94,WB,45.07051,-93.30483,2
651,Mainline sensor,I-94,WB,45.07051,-93.30483,3
652,Mainline sensor,I-94,WB,45.07051,-93.30483,4
653,Mainline sensor,I-94,WB,45.07596,-93.33164,1
654,Mainline sensor,I-94,WB,45.07596,-93.33164,2
655,Mainline sensor,I-94,WB,45.07596,-93.33164,3
6557,Mainline sensor,I-94,EB,44.96518,-93.24628,5
6558,Mainline sensor,I-94,EB,44.96422,-93.23944,4
6559,Mainline sensor,I-94,EB,44.96445,-93.22971,5
656,Mainline sensor,I-94,WB,45.07594,-93.32904,0
6560,Mainline sensor,I-94,EB,44.96716,-93.22223,4
6561,Mainline sensor,I-94,EB,44.96147,-93.212,4
6562,Mainline sensor,I-94,EB,44.95967,-93.20406,2
6563,Mainline sensor,I-94,WB,44.96257,-93.21311,4
6564,Mainline sensor,I-94,WB,44.96737,-93.22225,4
6565,Mainline sensor,I-94,WB,44.96504,-93.22865,5
6566,Mainline sensor,I-94,WB,44.96436,-93.23804,4
6567,Mainline sensor,I-94,WB,44.9654,-93.24617,4
6568,Mainline sensor,I-94,WB,44.96608,-93.25418,4
657,Mainline sensor,I-94,EB,45.07574,-93.33163,1
658,Mainline sensor,I-94,EB,45.07574,-93.33163,2
659,Mainline sensor,I-94,EB,45.07574,-93.33163,3
66,Mainline sensor,I-94,WB,45.01835,-93.28275,2
660,Mainline sensor,I-94,EB,45.07572,-93.32906,0
663,Mainline sensor,I-94,EB,45.07572,-93.32906,0
664,Mainline sensor,I-94,EB,45.07572,-93.32906,1
665,Mainline sensor,I-94,EB,45.06998,-93.3047,1
666,Mainline sensor,I-94,EB,45.06998,-93.3047,2
667,Mainline sensor,I-94,EB,45.06998,-93.3047,3
668,Mainline sensor,I-94,EB,45.06998,-93.3047,4
669,Mainline sensor,I-94,EB,45.07043,-93.30643,0
67,Mainline sensor,I-94,WB,45.01835,-93.28275,3
672,Mainline sensor,I-94,EB,45.06888,-93.30024,0
6757,Mainline sensor,I-94,EB,44.94862,-92.92667,2
68,Mainline sensor,I-94,WB,45.01835,-93.28275,4
685,Mainline sensor,I-94,EB,45.06915,-93.29331,1
686,Mainline sensor,I-94,EB,45.06915,-93.29331,2
687,Mainline sensor,I-94,EB,45.04424,-93.28481,1
688,Mainline sensor,I-94,EB,45.04424,-93.28481,2
689,Mainline sensor,I-94,EB,45.04424,-93.28481,3
69,Mainline sensor,I-94,WB,45.01835,-93.28275,5
690,Mainline sensor,I-94,EB,45.04424,-93.28481,4
691,Mainline sensor,I-94,EB,45.06915,-93.29331,3
696,Mainline sensor,I-94,EB,45.02409,-93.28476,1
697,Mainline sensor,I-94,EB,45.02409,-93.28476,2
6976,Mainline sensor,I-94,WB,44.95712,-93.19464,0
6977,Mainline sensor,I-94,EB,44.95542,-93.19053,0
6978,Mainline sensor,I-94,EB,44.95355,-93.18487,0
6979,Mainline sensor,I-94,WB,44.95283,-93.18185,0
698,Mainline sensor,I-94,EB,45.02409,-93.28476,3
6980,Mainline sensor,I-94,WB,44.95183,-93.16994,0
6981,Mainline sensor,I-94,EB,44.95156,-93.16256,0
6982,Mainline sensor,I-94,WB,44.95183,-93.1564,0
6983,Mainline sensor,I-94,WB,44.95179,-93.14374,0
6984,Mainline sensor,I-94,EB,44.95158,-93.14367,0
6985,Mainline sensor,I-94,WB,44.95183,-93.13689,0
6986,Mainline sensor,I-94,EB,44.95161,-93.13685,0
6987,Mainline sensor,I-94,WB,44.95187,-93.1267,0
6988,Mainline sensor,I-94,EB,44.95162,-93.1236,0
699,Mainline sensor,I-94,EB,45.02409,-93.28476,4
700,Mainline sensor,I-94,EB,45.02648,-93.28591,0
703,Mainline sensor,I-94,EB,44.99898,-93.28297,1
7036,Mainline sensor,I-94,WB,44.96034,-93.20487,4
7037,Mainline sensor,I-94,EB,44.95162,-93.15644,0
7038,Mainline sensor,I-94,WB,44.94869,-92.95679,3
704,Mainline sensor,I-94,EB,44.99898,-93.28297,2
705,Mainline sensor,I-94,EB,44.99898,-93.28297,3
706,Mainline sensor,I-94,EB,44.99898,-93.28297,4
7061,Mainline sensor,I-94,WB,44.95765,-93.19611,0
7062,Mainline sensor,I-94,WB,44.95765,-93.19611,0
7063,Mainline sensor,I-94,WB,44.95765,-93.19611,0
7064,Mainline sensor,I-94,WB,44.95765,-93.19611,0
709,Mainline sensor,I-94,EB,44.99577,-93.28316,0
71,Mainline sensor,I-94,WB,45.01984,-93.2829,0
710,Mainline sensor,I-94,EB,44.99577,-93.28316,2
711,Mainline sensor,I-94,EB,44.9886,-93.28852,1
712,Mainline sensor,I-94,EB,44.9886,-93.28852,2
713,Mainline sensor,I-94,EB,44.9886,-93.28852,3
714,Mainline sensor,I-94,EB,44.9886,-93.28852,4
7141,Mainline sensor,I-94,EB,45.46451,-94.1307,1
7142,Mainline sensor,I-94,EB,45.46451,-94.1307,2
7143,Mainline sensor,I-94,EB,45.44569,-94.11742,1
7144,Mainline sensor,I-94,EB,45.44569,-94.11742,2
7145,Mainline sensor,I-94,EB,45.43261,-94.10079,1
7146,Mainline sensor,I-94,EB,45.43261,-94.10079,2
7147,Mainline sensor,I-94,EB,45.42264,-94.08246,1
7148,Mainline sensor,I-94,EB,45.42264,-94.08246,2
7149,Mainline sensor,I-94,EB,45.40144,-94.03772,1
715,Mainline sensor,I-94,EB,44.9886,-93.28852,5
7150,Mainline sensor,I-94,EB,45.40144,-94.03772,2
7151,Mainline sensor,I-94,EB,45.38438,-94.00936,1
7152,Mainline sensor,I-94,EB,45.38438,-94.00936,2
7153,Mainline sensor,I-94,EB,45.37505,-93.99435,1
7154,Mainline sensor,I-94,EB,45.37505,-93.99435,2
7155,Mainline sensor,I-94,EB,45.36287,-93.95146,1
7156,Mainline sensor,I-94,EB,45.36287,-93.95146,2
7157,Mainline sensor,I-94,EB,45.35606,-93.93187,1
7158,Mainline sensor,I-94,EB,45.35606,-93.93187,2
7159,Mainline sensor,I-94,EB,45.3504,-93.90278,1
716,Mainline sensor,I-94,EB,44.98773,-93.28865,1
7160,Mainline sensor,I-94,EB,45.3504,-93.90278,2
7161,Mainline sensor,I-94,EB,45.3411,-93.88044,1
7162,Mainline sensor,I-94,EB,45.3411,-93.88044,2
7163,Mainline sensor,I-94,EB,45.32927,-93.8536,1
7164,Mainline sensor,I-94,EB,45.32927,-93.8536,2
7165,Mainline sensor,I-94,EB,45.32183,-93.8431,1
7166,Mainline sensor,I-94,EB,45.32183,-93.8431,2
7167,Mainline sensor,I-94,EB,45.30547,-93.81847,1
7168,Mainline sensor,I-94,EB,45.30547,-93.81847,2
7169,Mainline sensor,I-94,EB,45.2921,-93.77496,1
717,Mainline sensor,I-94,EB,44.98773,-93.28865,2
7170,Mainline sensor,I-94,EB,45.2921,-93.77496,2
7171,Mainline sensor,I-94,EB,45.28932,-93.763,2
7172,Mainline sensor,I-94,EB,45.28932,-93.763,3
7173,Mainline sensor,I-94,EB,45.28347,-93.75079,1
7174,Mainline sensor,I-94,EB,45.28347,-93.75079,2
7175,Mainline sensor,I-94,EB,45.2745,-93.7347,1
7176,Mainline sensor,I-94,EB,45.2745,-93.7347,2
7177,Mainline sensor,I-94,EB,45.2643,-93.71637,1
7178,Mainline sensor,I-94,EB,45.2643,-93.71637,2
7179,Mainline sensor,I-94,EB,45.2571,-93.70301,1
718,Mainline sensor,I-94,EB,44.98773,-93.28865,3
7180,Mainline sensor,I-94,EB,45.2571,-93.70301,2
7181,Mainline sensor,I-94,EB,45.23799,-93.64918,1
7182,Mainline sensor,I-94,EB,45.23799,-93.64918,2
7183,Mainline sensor,I-94,EB,45.22913,-93.62507,1
7184,Mainline sensor,I-94,EB,45.22913,-93.62507,2
7185,Mainline sensor,I-94,EB,45.21055,-93.58381,1
7186,Mainline sensor,I-94,EB,45.21055,-93.58381,2
7187,Mainline sensor,I-94,WB,45.21023,-93.58282,1
7188,Mainline sensor,I-94,WB,45.21023,-93.58282,2
7189,Mainline sensor,I-94,WB,45.22926,-93.62502,1
719,Mainline sensor,I-94,EB,44.98406,-93.28788,1
7190,Mainline sensor,I-94,WB,45.22926,-93.62502,2
7191,Mainline sensor,I-94,WB,45.23831,-93.64931,1
7192,Mainline sensor,I-94,WB,45.23831,-93.64931,2
7193,Mainline sensor,I-94,WB,45.25676,-93.70134,1
7194,Mainline sensor,I-94,WB,45.25676,-93.70134,2
7195,Mainline sensor,I-94,WB,45.26801,-93.72245,1
7196,Mainline sensor,I-94,WB,45.26801,-93.72245,2
7197,Mainline sensor,I-94,WB,45.27373,-93.73215,1
7198,Mainline sensor,I-94,WB,45.27373,-93.73215,2
7199,Mainline sensor,I-94,WB,45.28346,-93.7503,1
720,Mainline sensor,I-94,EB,44.98406,-93.28788,2
7200,Mainline sensor,I-94,WB,45.28346,-93.7503,2
7201,Mainline sensor,I-94,WB,45.28958,-93.76301,2
7202,Mainline sensor,I-94,WB,45.28958,-93.76301,3
7203,Mainline sensor,I-94,WB,45.29234,-93.77488,1
7204,Mainline sensor,I-94,WB,45.29234,-93.77488,2
7205,Mainline sensor,I-94,WB,45.30557,-93.81833,1
7206,Mainline sensor,I-94,WB,45.30557,-93.81833,2
7207,Mainline sensor,I-94,WB,45.32193,-93.84296,1
7208,Mainline sensor,I-94,WB,45.32193,-93.84296,2
7209,Mainline sensor,I-94,WB,45.3294,-93.85349,1
721,Mainline sensor,I-94,EB,44.98406,-93.28788,3
7210,Mainline sensor,I-94,WB,45.3294,-93.85349,2
7211,Mainline sensor,I-94,WB,45.34121,-93.88035,1
7212,Mainline sensor,I-94,WB,45.34121,-93.88035,2
7213,Mainline sensor,I-94,WB,45.35056,-93.90271,1
7214,Mainline sensor,I-94,WB,45.35056,-93.90271,2
7215,Mainline sensor,I-94,WB,45.35611,-93.93147,1
7216,Mainline sensor,I-94,WB,45.35611,-93.93147,2
7217,Mainline sensor,I-94,WB,45.36297,-93.9514,1
7218,Mainline sensor,I-94,WB,45.36297,-93.9514,2
7219,Mainline sensor,I-94,WB,45.37519,-93.99425,1
7220,Mainline sensor,I-94,WB,45.37519,-93.99425,2
7221,Mainline sensor,I-94,WB,45.38482,-94.00959,1
7222,Mainline sensor,I-94,WB,45.38482,-94.00959,2
7223,Mainline sensor,I-94,WB,45.40162,-94.03752,1
7224,Mainline sensor,I-94,WB,45.40162,-94.03752,2
7225,Mainline sensor,I-94,WB,45.42274,-94.08227,1
7226,Mainline sensor,I-94,WB,45.42274,-94.08227,2
7227,Mainline sensor,I-94,WB,45.43273,-94.10064,1
7228,Mainline sensor,I-94,WB,45.43273,-94.10064,2
7229,Mainline sensor,I-94,WB,45.44574,-94.11722,1
723,Mainline sensor,I-94,EB,44.97334,-93.28779,0
7230,Mainline sensor,I-94,WB,45.44574,-94.11722,2
7231,Mainline sensor,I-94,WB,45.4646,-94.13039,1
7232,Mainline sensor,I-94,WB,45.4646,-94.13039,2
7233,Mainline sensor,I-94,EB,45.28932,-93.763,1
7234,Mainline sensor,I-94,WB,45.28958,-93.76301,1
7237,Mainline sensor,I-94,WB,45.25676,-93.70134,1
7238,Mainline sensor,I-94,WB,45.25676,-93.70134,2
7239,Mainline sensor,I-94,WB,45.26801,-93.72245,1
724,Mainline sensor,I-94,EB,44.97858,-93.2876,0
7240,Mainline sensor,I-94,WB,45.26801,-93.72245,2
7241,Mainline sensor,I-94,WB,44.96605,-93.26425,1
7242,Mainline sensor,I-94,WB,44.96605,-93.26425,2
7243,Mainline sensor,I-94,WB,44.96605,-93.26425,3
7244,Mainline sensor,I-94,WB,44.96605,-93.26425,4
7245,Mainline sensor,I-94,WB,44.96608,-93.26573,0
7246,Mainline sensor,I-94,WB,44.96608,-93.26573,1
7247,Mainline sensor,I-94,WB,44.96608,-93.26573,2
7248,Mainline sensor,I-94,WB,44.96608,-93.26573,3
7249,Mainline sensor,I-94,WB,44.96603,-93.26861,1
725,Mainline sensor,I-94,EB,44.97858,-93.2876,2
7250,Mainline sensor,I-94,WB,44.96603,-93.26861,2
7251,Mainline sensor,I-94,WB,44.96603,-93.26861,3
7252,Mainline sensor,I-94,WB,44.96558,-93.24668,1
7253,Mainline sensor,I-94,WB,44.96558,-93.24668,2
7254,Mainline sensor,I-94,WB,44.96558,-93.24668,3
7255,Mainline sensor,I-94,WB,44.96558,-93.24668,4
7256,Mainline sensor,I-94,EB,44.96533,-93.24678,1
7257,Mainline sensor,I-94,EB,44.96533,-93.24678,2
7258,Mainline sensor,I-94,EB,44.96533,-93.24678,3
7259,Mainline sensor,I-94,EB,44.96533,-93.24678,4
726,Mainline sensor,I-94,EB,44.9768,-93.28761,1
7260,Mainline sensor,I-94,WB,44.95674,-93.1936,0
7261,Mainline sensor,I-94,WB,44.95674,-93.1936,1
7262,Mainline sensor,I-94,WB,44.95674,-93.1936,2
7263,Mainline sensor,I-94,WB,44.95674,-93.1936,3
7264,Mainline sensor,I-94,WB,44.95674,-93.1936,4
7265,Mainline sensor,I-94,EB,44.95663,-93.19393,0
7266,Mainline sensor,I-94,EB,44.95663,-93.19393,1
7267,Mainline sensor,I-94,EB,44.95663,-93.19393,2
7268,Mainline sensor,I-94,EB,44.95663,-93.19393,3
7269,Mainline sensor,I-94,EB,44.95663,-93.19393,4
727,Mainline sensor,I-94,EB,44.9768,-93.28761,1
7270,Mainline sensor,I-94,WB,44.9518,-93.16477,0
7271,Mainline sensor,I-94,WB,44.9518,-93.16477,1
7272,Mainline sensor,I-94,WB,44.9518,-93.16477,2
7273,Mainline sensor,I-94,WB,44.9518,-93.16477,3
7274,Mainline sensor,I-94,EB,44.95158,-93.16478,0
7275,Mainline sensor,I-94,EB,44.95158,-93.16478,1
7276,Mainline sensor,I-94,EB,44.95158,-93.16478,2
7277,Mainline sensor,I-94,EB,44.95158,-93.16478,3
7278,Mainline sensor,I-94,WB,44.95125,-93.11545,0
7279,Mainline sensor,I-94,WB,44.95125,-93.11545,1
728,Mainline sensor,I-94,EB,44.9768,-93.28761,2
7280,Mainline sensor,I-94,WB,44.95125,-93.11545,2
7281,Mainline sensor,I-94,WB,44.95125,-93.11545,3
7282,Mainline sensor,I-94,WB,44.95125,-93.11545,4
7283,Mainline sensor,I-94,EB,44.95103,-93.11548,1
7284,Mainline sensor,I-94,EB,44.95103,-93.11548,2
7285,Mainline sensor,I-94,EB,44.95103,-93.11548,3
7286,Mainline sensor,I-94,EB,44.95103,-93.11548,4
7287,Mainline sensor,I-94,EB,44.95103,-93.11548,5
73,Mainline sensor,I-94,WB,45.02415,-93.28437,1
730,Mainline sensor,I-94,EB,44.97475,-93.28761,1
7308,Mainline sensor,I-94,EB,44.9483,-92.94239,1
7309,Mainline sensor,I-94,EB,44.9483,-92.94239,2
731,Mainline sensor,I-94,EB,44.97475,-93.28761,2
7310,Mainline sensor,I-94,EB,44.9483,-92.94239,3
7319,Mainline sensor,I-94,WB,45.27373,-93.73215,1
7320,Mainline sensor,I-94,WB,45.27373,-93.73215,2
7321,Mainline sensor,I-94,EB,45.46451,-94.1307,0
7322,Mainline sensor,I-94,WB,45.46415,-94.13007,0
739,Mainline sensor,I-94,WB,45.07275,-93.31305,0
74,Mainline sensor,I-94,WB,45.02415,-93.28437,2
740,Mainline sensor,I-94,WB,45.07102,-93.30672,0
75,Mainline sensor,I-94,WB,45.02415,-93.28437,3
76,Mainline sensor,I-94,WB,45.02415,-93.28437,4
7632,Mainline sensor,I-94,EB,45.12512,-93.48434,0
7650,Mainline sensor,I-94,EB,45.07081,-93.30767,1
7651,Mainline sensor,I-94,EB,45.07081,-93.30767,2
7652,Mainline sensor,I-94,EB,45.07081,-93.30767,3
7653,Mainline sensor,I-94,EB,45.07081,-93.30767,4
77,Mainline sensor,I-94,WB,45.02607,-93.28538,0
7708,Mainline sensor,I-94,EB,45.21055,-93.58381,3
7709,Mainline sensor,I-94,EB,45.1991,-93.56287,1
7710,Mainline sensor,I-94,EB,45.1991,-93.56287,2
7711,Mainline sensor,I-94,EB,45.1991,-93.56287,3
7712,Mainline sensor,I-94,WB,45.19935,-93.56263,1
7713,Mainline sensor,I-94,WB,45.19935,-93.56263,2
7714,Mainline sensor,I-94,WB,45.19935,-93.56263,3
7715,Mainline sensor,I-94,WB,45.21023,-93.58282,3
7722,Mainline sensor,I-94,EB,45.21735,-93.59498,0
7723,Mainline sensor,I-94,WB,45.21734,-93.5945,0
7725,Mainline sensor,I-94,WB,45.13945,-93.49537,0
7726,Mainline sensor,I-94,WB,45.13945,-93.49537,0
7727,Mainline sensor,I-94,WB,45.13945,-93.49537,0
7734,Mainline sensor,I-94,EB,44.95173,-93.06089,1
7735,Mainline sensor,I-94,EB,44.95173,-93.06089,2
7736,Mainline sensor,I-94,EB,44.95173,-93.06089,3
7737,Mainline sensor,I-94,EB,44.95173,-93.06089,4
7738,Mainline sensor,I-94,EB,44.95173,-93.06089,5
7743,Mainline sensor,I-94,WB,44.95196,-93.03171,1
7744,Mainline sensor,I-94,WB,44.95196,-93.03171,2
7745,Mainline sensor,I-94,WB,44.95196,-93.03171,3
7746,Mainline sensor,I-94,WB,44.95196,-93.06087,1
7747,Mainline sensor,I-94,WB,44.95196,-93.06087,2
7748,Mainline sensor,I-94,WB,44.95196,-93.06087,3
7749,Mainline sensor,I-94,WB,44.95196,-93.06087,4
7750,Mainline sensor,I-94,WB,44.95196,-93.06087,5
7751,Mainline sensor,I-94,WB,44.9487,-92.935,1
7752,Mainline sensor,I-94,WB,44.9487,-92.935,2
7753,Mainline sensor,I-94,WB,44.94868,-92.90749,1
7754,Mainline sensor,I-94,WB,44.94868,-92.90749,2
7755,Mainline sensor,I-94,WB,44.94873,-92.86794,1
7756,Mainline sensor,I-94,WB,44.94873,-92.86794,2
78,Mainline sensor,I-94,WB,45.02967,-93.28692,1
7810,Mainline sensor,I-94,WB,44.94868,-92.90749,0
7815,Mainline sensor,I-94,WB,44.9533,-93.08177,0
7850,Mainline sensor,I-94,WB,44.95125,-93.11545,0
7858,Mainline sensor,I-94,EB,45.12512,-93.48434,0
79,Mainline sensor,I-94,WB,45.02967,-93.28692,2
80,Mainline sensor,I-94,WB,45.02967,-93.28692,3
81,Mainline sensor,I-94,WB,45.02967,-93.28692,4
82,Mainline sensor,I-94,EB,45.02961,-93.2873,1
83,Mainline sensor,I-94,EB,45.02961,-93.2873,2
8323,Mainline sensor,I-94,EB,45.19237,-93.54757,1
8324,Mainline sensor,I-94,EB,45.19237,-93.54757,2
8325,Mainline sensor,I-94,EB,45.19237,-93.54757,3
8326,Mainline sensor,I-94,EB,45.19237,-93.54757,4
8327,Mainline sensor,I-94,WB,45.19246,-93.54735,1
8328,Mainline sensor,I-94,WB,45.19246,-93.54735,2
8329,Mainline sensor,I-94,WB,45.19246,-93.54735,3
8330,Mainline sensor,I-94,WB,45.19246,-93.54735,4
8331,Mainline sensor,I-94,EB,45.18444,-93.53815,1
8332,Mainline sensor,I-94,WB,45.18456,-93.53789,1
8333,Mainline sensor,I-94,EB,45.17955,-93.53213,1
8334,Mainline sensor,I-94,EB,45.17955,-93.53213,2
8335,Mainline sensor,I-94,EB,45.17955,-93.53213,3
8336,Mainline sensor,I-94,EB,45.17955,-93.53213,4
8337,Mainline sensor,I-94,WB,45.17964,-93.53193,1
8338,Mainline sensor,I-94,WB,45.17964,-93.53193,2
8339,Mainline sensor,I-94,WB,45.17964,-93.53193,3
8340,Mainline sensor,I-94,WB,45.17964,-93.53193,4
8341,Mainline sensor,I-94,EB,45.17367,-93.52713,1
8342,Mainline sensor,I-94,WB,45.1737,-93.52682,1
8343,Mainline sensor,I-94,EB,45.1662,-93.52528,1
8344,Mainline sensor,I-94,EB,45.1662,-93.52528,2
8345,Mainline sensor,I-94,EB,45.1662,-93.52528,3
8346,Mainline sensor,I-94,EB,45.1662,-93.52528,4
8347,Mainline sensor,I-94,WB,45.16632,-93.525,1
8348,Mainline sensor,I-94,WB,45.16632,-93.525,2
8349,Mainline sensor,I-94,WB,45.16632,-93.525,3
8350,Mainline sensor,I-94,WB,45.16632,-93.525,4
8351,Mainline sensor,I-94,EB,45.16113,-93.51797,1
8352,Mainline sensor,I-94,WB,45.16129,-93.51775,1
8353,Mainline sensor,I-94,EB,45.15295,-93.50593,1
8354,Mainline sensor,I-94,EB,45.15295,-93.50593,2
8355,Mainline sensor,I-94,EB,45.15295,-93.50593,3
8356,Mainline sensor,I-94,EB,45.15295,-93.50593,4
8357,Mainline sensor,I-94,EB,45.15295,-93.50593,5
8358,Mainline sensor,I-94,WB,45.15311,-93.50577,1
8359,Mainline sensor,I-94,WB,45.15311,-93.50577,2
8360,Mainline sensor,I-94,WB,45.15311,-93.50577,3
8361,Mainline sensor,I-94,WB,45.15311,-93.50577,4
8362,Mainline sensor,I-94,EB,45.14872,-93.50103,1
8363,Mainline sensor,I-94,WB,45.14886,-93.50067,1
8364,Mainline sensor,I-94,EB,45.14267,-93.49779,1
8365,Mainline sensor,I-94,EB,45.14267,-93.49779,2
8366,Mainline sensor,I-94,EB,45.14267,-93.49779,3
8369,Mainline sensor,I-94,WB,45.14268,-93.49766,1
8370,Mainline sensor,I-94,WB,45.14268,-93.49766,2
8371,Mainline sensor,I-94,WB,45.14268,-93.49766,2
8372,Mainline sensor,I-94,WB,45.14268,-93.49766,4
8373,Mainline sensor,I-94,EB,45.13084,-93.48838,1
8374,Mainline sensor,I-94,EB,45.13084,-93.48838,2
8375,Mainline sensor,I-94,EB,45.13084,-93.48838,3
8376,Mainline sensor,I-94,WB,45.13091,-93.48812,1
8377,Mainline sensor,I-94,WB,45.13091,-93.48812,2
8378,Mainline sensor,I-94,WB,45.13091,-93.48812,3
8379,Mainline sensor,I-94,EB,45.12313,-93.48315,1
8380,Mainline sensor,I-94,EB,45.12313,-93.48315,2
8381,Mainline sensor,I-94,EB,45.12313,-93.48315,3
8382,Mainline sensor,I-94,EB,45.12313,-93.48315,4
8383,Mainline sensor,I-94,WB,45.12256,-93.48251,1
8384,Mainline sensor,I-94,WB,45.12256,-93.48251,2
8385,Mainline sensor,I-94,WB,45.12256,-93.48251,3
8386,Mainline sensor,I-94,WB,45.12256,-93.48251,4
8387,Mainline sensor,I-94,EB,45.1146,-93.47608,0
8388,Mainline sensor,I-94,EB,45.11114,-93.47126,1
8389,Mainline sensor,I-94,EB,45.11114,-93.47126,2
8390,Mainline sensor,I-94,EB,45.11114,-93.47126,3
8391,Mainline sensor,I-94,WB,45.11132,-93.471,1
8392,Mainline sensor,I-94,WB,45.11132,-93.471,2
8393,Mainline sensor,I-94,WB,45.11132,-93.471,3
8394,Mainline sensor,I-94,EB,45.10844,-93.46741,1
8395,Mainline sensor,I-94,EB,45.10844,-93.46741,2
8396,Mainline sensor,I-94,EB,45.10844,-93.46741,3
8397,Mainline sensor,I-94,WB,45.10893,-93.46767,1
8398,Mainline sensor,I-94,WB,45.10893,-93.46767,2
8399,Mainline sensor,I-94,WB,45.10893,-93.46767,3
84,Mainline sensor,I-94,EB,45.02961,-93.2873,3
8400,Mainline sensor,I-94,WB,45.12949,-93.48685,0
8401,Mainline sensor,I-94,WB,45.12949,-93.48685,0
8402,Mainline sensor,I-94,WB,45.12949,-93.48685,0
8403,Mainline sensor,I-94,WB,45.10681,-93.46324,0
8404,Mainline sensor,I-94,WB,45.10681,-93.46324,0
8405,Mainline sensor,I-94,WB,45.10681,-93.46324,0
8450,Mainline sensor,I-94,EB,44.9535,-93.08035,4
8451,Mainline sensor,I-94,EB,44.9535,-93.08035,5
85,Mainline sensor,I-94,EB,45.02961,-93.2873,4
86,Mainline sensor,I-94,EB,45.03447,-93.28701,1
87,Mainline sensor,I-94,EB,45.03447,-93.28701,2
8797,Mainline sensor,I-94,EB,44.96544,-93.26478,1
8798,Mainline sensor,I-94,EB,44.96544,-93.26478,2
8799,Mainline sensor,I-94,EB,44.96544,-93.26478,3
88,Mainline sensor,I-94,EB,45.03447,-93.28701,3
8805,Mainline sensor,I-94,EB,44.96545,-93.26327,0
8830,Mainline sensor,I-94,WB,45.15426,-93.50756,0
8831,Mainline sensor,I-94,WB,45.15723,-93.51185,0
8832,Mainline sensor,I-94,EB,45.15692,-93.51193,0
8833,Mainline sensor,I-94,EB,45.15467,-93.50838,1
8834,Mainline sensor,I-94,EB,45.15467,-93.50838,2
8835,Mainline sensor,I-94,EB,45.15467,-93.50838,0
8836,Mainline sensor,I-94,EB,44.96616,-93.25091,1
8837,Mainline sensor,I-94,EB,44.96616,-93.25091,2
8838,Mainline sensor,I-94,EB,44.96616,-93.25091,3
8839,Mainline sensor,I-94,WB,44.96635,-93.2509,1
8840,Mainline sensor,I-94,WB,44.96635,-93.2509,2
8841,Mainline sensor,I-94,WB,44.96635,-93.2509,3
8842,Mainline sensor,I-94,EB,44.9668,-93.21981,1
8843,Mainline sensor,I-94,EB,44.9668,-93.21981,2
8844,Mainline sensor,I-94,EB,44.9668,-93.21981,3
8845,Mainline sensor,I-94,EB,44.9668,-93.21981,4
8846,Mainline sensor,I-94,EB,44.9668,-93.21981,5
8847,Mainline sensor,I-94,WB,44.96704,-93.21995,1
8848,Mainline sensor,I-94,WB,44.96704,-93.21995,2
8849,Mainline sensor,I-94,WB,44.96704,-93.21995,3
8850,Mainline sensor,I-94,WB,44.96704,-93.21995,4
8851,Mainline sensor,I-94,WB,44.96704,-93.21995,5
8852,Mainline sensor,I-94,EB,44.95966,-93.20428,1
8853,Mainline sensor,I-94,EB,44.95966,-93.20428,2
8854,Mainline sensor,I-94,EB,44.95966,-93.20428,3
8855,Mainline sensor,I-94,EB,44.95966,-93.20428,4
8858,Mainline sensor,I-94,WB,45.07122,-93.30742,1
8859,Mainline sensor,I-94,WB,45.07122,-93.30742,2
8860,Mainline sensor,I-94,WB,45.07122,-93.30742,3
8861,Mainline sensor,I-94,WB,45.07122,-93.30742,4
8862,Mainline sensor,I-94,EB,45.15467,-93.50838,0
8863,Mainline sensor,I-94,EB,45.19526,-93.55367,3
89,Mainline sensor,I-94,EB,45.03447,-93.28701,4
90,Mainline sensor,I-94,WB,45.0344,-93.28659,1
900,Mainline sensor,I-94,EB,45.10412,-93.45973,1
9006,Mainline sensor,I-94,EB,44.94833,-92.9448,0
9007,Mainline sensor,I-94,EB,44.94833,-92.9448,1
9008,Mainline sensor,I-94,EB,44.94833,-92.9448,2
9009,Mainline sensor,I-94,EB,44.94833,-92.9448,3
901,Mainline sensor,I-94,EB,45.10412,-93.45973,2
9010,Mainline sensor,I-94,EB,44.94833,-92.9448,4
9011,Mainline sensor,I-94,EB,44.94865,-92.93159,0
9012,Mainline sensor,I-94,EB,44.94865,-92.93159,1
9013,Mainline sensor,I-94,EB,44.94865,-92.93159,2
9014,Mainline sensor,I-94,EB,44.94865,-92.93159,3
9015,Mainline sensor,I-94,EB,44.94846,-92.92188,0
9016,Mainline sensor,I-94,EB,44.94846,-92.92188,1
9017,Mainline sensor,I-94,EB,44.94846,-92.92188,2
9018,Mainline sensor,I-94,EB,44.94846,-92.92188,3
9019,Mainline sensor,I-94,EB,44.94847,-92.91084,0
902,Mainline sensor,I-94,EB,45.10412,-93.45973,3
9020,Mainline sensor,I-94,EB,44.94847,-92.91084,1
9021,Mainline sensor,I-94,EB,44.94847,-92.91084,2
9022,Mainline sensor,I-94,EB,44.94847,-92.91084,3
9023,Mainline sensor,I-94,EB,44.94848,-92.89176,1
9024,Mainline sensor,I-94,EB,44.94848,-92.89176,2
9025,Mainline sensor,I-94,EB,44.94848,-92.89176,3
9026,Mainline sensor,I-94,EB,44.94851,-92.87271,1
9027,Mainline sensor,I-94,EB,44.94851,-92.87271,2
9028,Mainline sensor,I-94,EB,44.94851,-92.87271,3
9029,Mainline sensor,I-94,EB,44.94852,-92.86173,1
903,Mainline sensor,I-94,WB,45.10434,-93.45958,1
9030,Mainline sensor,I-94,EB,44.94852,-92.86173,2
9031,Mainline sensor,I-94,EB,44.94852,-92.86173,3
9032,Mainline sensor,I-94,EB,44.94853,-92.85363,1
9033,Mainline sensor,I-94,EB,44.94853,-92.85363,2
9034,Mainline sensor,I-94,EB,44.94853,-92.85363,3
9035,Mainline sensor,I-94,EB,44.94852,-92.83266,1
9036,Mainline sensor,I-94,EB,44.94852,-92.83266,2
9037,Mainline sensor,I-94,EB,44.94852,-92.83266,3
9038,Mainline sensor,I-94,EB,44.94892,-92.82204,1
9039,Mainline sensor,I-94,EB,44.94892,-92.82204,2
904,Mainline sensor,I-94,WB,45.10434,-93.45958,2
9040,Mainline sensor,I-94,EB,44.94892,-92.82204,3
9041,Mainline sensor,I-94,EB,44.95118,-92.80836,1
9042,Mainline sensor,I-94,EB,44.95118,-92.80836,2
9043,Mainline sensor,I-94,EB,44.95118,-92.80836,3
9044,Mainline sensor,I-94,EB,44.95693,-92.78931,1
9045,Mainline sensor,I-94,EB,44.95693,-92.78931,2
9046,Mainline sensor,I-94,EB,44.95693,-92.78931,3
9047,Mainline sensor,I-94,EB,44.95975,-92.78027,1
9048,Mainline sensor,I-94,EB,44.95975,-92.78027,2
9049,Mainline sensor,I-94,EB,44.95975,-92.78027,3
905,Mainline sensor,I-94,WB,45.10434,-93.45958,3
9050,Mainline sensor,I-94,WB,44.95995,-92.78037,1
9051,Mainline sensor,I-94,WB,44.95995,-92.78037,1
9052,Mainline sensor,I-94,WB,44.95995,-92.78037,2
9053,Mainline sensor,I-94,WB,44.95995,-92.78037,3
9054,Mainline sensor,I-94,WB,44.95714,-92.78958,1
9055,Mainline sensor,I-94,WB,44.95714,-92.78958,2
9056,Mainline sensor,I-94,WB,44.95714,-92.78958,3
9057,Mainline sensor,I-94,WB,44.9514,-92.80846,1
9058,Mainline sensor,I-94,WB,44.9514,-92.80846,2
9059,Mainline sensor,I-94,WB,44.9514,-92.80846,3
906,Mainline sensor,I-94,EB,45.1033,-93.45873,0
9060,Mainline sensor,I-94,WB,44.94908,-92.82208,1
9061,Mainline sensor,I-94,WB,44.94908,-92.82208,2
9062,Mainline sensor,I-94,WB,44.94908,-92.82208,3
9063,Mainline sensor,I-94,WB,44.94874,-92.83261,1
9064,Mainline sensor,I-94,WB,44.94874,-92.83261,2
9065,Mainline sensor,I-94,WB,44.94874,-92.83261,3
9066,Mainline sensor,I-94,WB,44.94876,-92.85368,1
9067,Mainline sensor,I-94,WB,44.94876,-92.85368,2
9068,Mainline sensor,I-94,WB,44.94876,-92.85368,3
9069,Mainline sensor,I-94,WB,44.94876,-92.86176,1
907,Mainline sensor,I-94,EB,45.09991,-93.45461,1
9070,Mainline sensor,I-94,WB,44.94876,-92.86176,2
9071,Mainline sensor,I-94,WB,44.94876,-92.86176,3
9072,Mainline sensor,I-94,WB,44.94873,-92.87277,1
9073,Mainline sensor,I-94,WB,44.94873,-92.87277,2
9074,Mainline sensor,I-94,WB,44.94873,-92.87277,3
9075,Mainline sensor,I-94,WB,44.9487,-92.89178,1
9076,Mainline sensor,I-94,WB,44.9487,-92.89178,2
9077,Mainline sensor,I-94,WB,44.9487,-92.89178,3
9078,Mainline sensor,I-94,WB,44.94867,-92.91089,1
9079,Mainline sensor,I-94,WB,44.94867,-92.91089,2
908,Mainline sensor,I-94,EB,45.09991,-93.45461,2
9080,Mainline sensor,I-94,WB,44.94867,-92.91089,3
9081,Mainline sensor,I-94,WB,44.94868,-92.92191,1
9082,Mainline sensor,I-94,WB,44.94868,-92.92191,2
9083,Mainline sensor,I-94,WB,44.94868,-92.92191,3
9084,Mainline sensor,I-94,WB,44.94886,-92.93158,1
9085,Mainline sensor,I-94,WB,44.94886,-92.93158,1
9086,Mainline sensor,I-94,WB,44.94886,-92.93158,1
9087,Mainline sensor,I-94,WB,44.94886,-92.93158,1
9088,Mainline sensor,I-94,WB,44.9486,-92.94479,1
9089,Mainline sensor,I-94,WB,44.9486,-92.94479,2
909,Mainline sensor,I-94,EB,45.09991,-93.45461,3
9090,Mainline sensor,I-94,WB,44.9486,-92.94479,3
9091,Mainline sensor,I-94,WB,44.9486,-92.94479,4
9092,Mainline sensor,I-94,WB,44.9486,-92.94479,5
91,Mainline sensor,I-94,WB,45.0344,-93.28659,2
910,Mainline sensor,I-94,WB,45.10009,-93.45441,1
9108,Mainline sensor,I-94,EB,45.24105,-93.663,3
9109,Mainline sensor,I-94,EB,45.23982,-93.65523,1
911,Mainline sensor,I-94,WB,45.10009,-93.45441,2
9110,Mainline sensor,I-94,EB,45.23982,-93.65523,2
9111,Mainline sensor,I-94,EB,45.23982,-93.65523,3
9112,Mainline sensor,I-94,EB,45.23799,-93.64918,3
9113,Mainline sensor,I-94,EB,45.232,-93.63889,1
9114,Mainline sensor,I-94,EB,45.232,-93.63889,2
9115,Mainline sensor,I-94,EB,45.232,-93.63889,3
9116,Mainline sensor,I-94,EB,45.232,-93.63889,4
9117,Mainline sensor,I-94,EB,45.22913,-93.62507,3
9118,Mainline sensor,I-94,EB,45.22743,-93.61683,1
9119,Mainline sensor,I-94,EB,45.22743,-93.61683,2
912,Mainline sensor,I-94,WB,45.10009,-93.45441,3
9120,Mainline sensor,I-94,EB,45.22743,-93.61683,3
9121,Mainline sensor,I-94,EB,45.2251,-93.60799,3
9122,Mainline sensor,I-94,EB,45.22134,-93.60143,1
9123,Mainline sensor,I-94,EB,45.22134,-93.60143,2
9124,Mainline sensor,I-94,EB,45.22134,-93.60143,3
9125,Mainline sensor,I-94,EB,45.21878,-93.59734,0
9126,Mainline sensor,I-94,EB,45.21789,-93.59586,3
9127,Mainline sensor,I-94,EB,45.21735,-93.59498,1
9128,Mainline sensor,I-94,EB,45.21735,-93.59498,2
9129,Mainline sensor,I-94,EB,45.21735,-93.59498,0
9130,Mainline sensor,I-94,WB,45.21803,-93.59563,3
9131,Mainline sensor,I-94,WB,45.22009,-93.59906,0
9132,Mainline sensor,I-94,WB,45.22142,-93.60136,1
9133,Mainline sensor,I-94,WB,45.22142,-93.60136,2
9134,Mainline sensor,I-94,WB,45.22142,-93.60136,3
9135,Mainline sensor,I-94,WB,45.22142,-93.60136,4
9136,Mainline sensor,I-94,WB,45.22519,-93.60785,3
9137,Mainline sensor,I-94,WB,45.22763,-93.61671,1
9138,Mainline sensor,I-94,WB,45.22763,-93.61671,2
9139,Mainline sensor,I-94,WB,45.22763,-93.61671,3
9140,Mainline sensor,I-94,WB,45.22926,-93.62502,3
9141,Mainline sensor,I-94,WB,45.23212,-93.63869,1
9142,Mainline sensor,I-94,WB,45.23212,-93.63869,2
9143,Mainline sensor,I-94,WB,45.23212,-93.63869,3
9144,Mainline sensor,I-94,WB,45.23996,-93.65522,1
9145,Mainline sensor,I-94,WB,45.23996,-93.65522,2
9146,Mainline sensor,I-94,WB,45.24268,-93.66784,0
9151,Mainline sensor,I-94,WB,45.219,-93.59719,0
9153,Mainline sensor,I-94,EB,45.40144,-94.03772,3
9154,Mainline sensor,I-94,EB,45.39501,-94.02564,3
9155,Mainline sensor,I-94,EB,45.38438,-94.00936,3
9156,Mainline sensor,I-94,EB,45.37505,-93.99435,3
9157,Mainline sensor,I-94,EB,45.36787,-93.97412,3
9158,Mainline sensor,I-94,EB,45.36287,-93.95146,3
9159,Mainline sensor,I-94,EB,45.35606,-93.93187,3
9160,Mainline sensor,I-94,EB,45.3504,-93.90278,3
9161,Mainline sensor,I-94,EB,45.3411,-93.88044,3
9162,Mainline sensor,I-94,EB,45.32927,-93.8536,3
9163,Mainline sensor,I-94,EB,45.32183,-93.8431,3
9164,Mainline sensor,I-94,EB,45.30547,-93.81847,3
9165,Mainline sensor,I-94,WB,45.29234,-93.77488,3
9166,Mainline sensor,I-94,WB,45.30557,-93.81833,3
9167,Mainline sensor,I-94,WB,45.32193,-93.84296,3
9168,Mainline sensor,I-94,WB,45.3294,-93.85349,3
9169,Mainline sensor,I-94,WB,45.34121,-93.88035,3
917,Mainline sensor,I-94,EB,45.09127,-93.44562,1
9170,Mainline sensor,I-94,WB,45.35056,-93.90271,3
9171,Mainline sensor,I-94,WB,45.35611,-93.93147,3
9172,Mainline sensor,I-94,WB,45.36297,-93.9514,3
9173,Mainline sensor,I-94,WB,45.36801,-93.97417,3
9174,Mainline sensor,I-94,WB,45.37519,-93.99425,3
9175,Mainline sensor,I-94,WB,45.38482,-94.00959,3
9176,Mainline sensor,I-94,WB,45.39551,-94.02622,3
9177,Mainline sensor,I-94,WB,45.40162,-94.03752,3
9178,Mainline sensor,I-94,EB,45.21735,-93.59498,0
9179,Mainline sensor,I-94,WB,45.22009,-93.59906,0
918,Mainline sensor,I-94,EB,45.09127,-93.44562,2
9180,Mainline sensor,I-94,EB,45.21735,-93.59498,0
9181,Mainline sensor,I-94,WB,45.24268,-93.66784,0
92,Mainline sensor,I-94,WB,45.0344,-93.28659,3
921,Mainline sensor,I-94,WB,45.09284,-93.44482,1
922,Mainline sensor,I-94,WB,45.09284,-93.44482,2
925,Mainline sensor,I-94,EB,45.08917,-93.42906,2
926,Mainline sensor,I-94,EB,45.08917,-93.42906,3
927,Mainline sensor,I-94,WB,45.08942,-93.42909,1
928,Mainline sensor,I-94,WB,45.08942,-93.42909,2
929,Mainline sensor,I-94,WB,45.08942,-93.42909,3
93,Mainline sensor,I-94,WB,45.0344,-93.28659,4
930,Mainline sensor,I-94,EB,45.08846,-93.42418,0
931,Mainline sensor,I-94,WB,45.08973,-93.43135,0
932,Mainline sensor,I-94,WB,45.08868,-93.42411,0
933,Mainline sensor,I-94,EB,45.08932,-93.43013,0
934,Mainline sensor,I-94,EB,45.08649,-93.4153,1
935,Mainline sensor,I-94,EB,45.08649,-93.4153,2
936,Mainline sensor,I-94,WB,45.08667,-93.41508,1
937,Mainline sensor,I-94,WB,45.08667,-93.41508,2
9376,Mainline sensor,I-94,EB,45.13741,-93.4941,0
9377,Mainline sensor,I-94,EB,45.13741,-93.4941,0
938,Mainline sensor,I-94,EB,45.08375,-93.40459,2
939,Mainline sensor,I-94,EB,45.08375,-93.40459,3
9397,Mainline sensor,I-94,EB,44.94824,-92.94052,0
940,Mainline sensor,I-94,WB,45.08395,-93.40443,2
9406,Mainline sensor,I-94,EB,45.2921,-93.77496,0
9407,Mainline sensor,I-94,EB,45.28932,-93.763,0
9408,Mainline sensor,I-94,WB,45.28958,-93.76301,0
9409,Mainline sensor,I-94,EB,45.28347,-93.75079,0
941,Mainline sensor,I-94,WB,45.08395,-93.40443,3
9410,Mainline sensor,I-94,WB,45.28346,-93.7503,0
9411,Mainline sensor,I-94,EB,45.2745,-93.7347,0
9412,Mainline sensor,I-94,WB,45.27373,-93.73215,0
9413,Mainline sensor,I-94,EB,45.27068,-93.72777,3
9414,Mainline sensor,I-94,EB,45.27068,-93.72777,2
9415,Mainline sensor,I-94,EB,45.27068,-93.72777,1
9416,Mainline sensor,I-94,WB,45.27168,-93.72888,3
9417,Mainline sensor,I-94,WB,45.27168,-93.72888,2
9418,Mainline sensor,I-94,WB,45.27168,-93.72888,1
9419,Mainline sensor,I-94,EB,45.2643,-93.71637,0
942,Mainline sensor,I-94,EB,45.08328,-93.40312,0
9420,Mainline sensor,I-94,WB,45.26801,-93.72245,0
9421,Mainline sensor,I-94,EB,45.2571,-93.70301,0
9422,Mainline sensor,I-94,WB,45.25676,-93.70134,0
9423,Mainline sensor,I-94,EB,45.24989,-93.68737,0
9424,Mainline sensor,I-94,WB,45.24937,-93.6851,0
9425,Mainline sensor,I-94,WB,45.24105,-93.66238,0
9426,Mainline sensor,I-94,WB,45.23996,-93.65522,0
9427,Mainline sensor,I-94,WB,45.23831,-93.64931,0
9428,Mainline sensor,I-94,EB,45.29894,-93.80207,0
9429,Mainline sensor,I-94,WB,45.29905,-93.80201,0
943,Mainline sensor,I-94,WB,45.08454,-93.40626,0
944,Mainline sensor,I-94,WB,45.08348,-93.40298,0
948,Mainline sensor,I-94,WB,45.08296,-93.40139,0
949,Mainline sensor,I-94,EB,45.08149,-93.39767,0
950,Mainline sensor,I-94,EB,45.07877,-93.38873,1
951,Mainline sensor,I-94,EB,45.07877,-93.38873,2
952,Mainline sensor,I-94,EB,45.07877,-93.38873,3
953,Mainline sensor,I-94,WB,45.07965,-93.3911,1
954,Mainline sensor,I-94,WB,45.07965,-93.3911,2
955,Mainline sensor,I-94,EB,45.07986,-93.39253,0
956,Mainline sensor,I-94,WB,45.08012,-93.39255,0
957,Mainline sensor,I-94,WB,45.07887,-93.38796,0
9570,Mainline sensor,I-94,EB,45.72042,-94.95252,1
9571,Mainline sensor,I-94,EB,45.72042,-94.95252,2
9572,Mainline sensor,I-94,WB,45.72047,-94.95245,1
9573,Mainline sensor,I-94,WB,45.72047,-94.95245,2
9574,Mainline sensor,I-94,EB,45.59009,-94.37049,1
9575,Mainline sensor,I-94,EB,45.59009,-94.37049,2
9576,Mainline sensor,I-94,EB,45.59009,-94.37049,3
9577,Mainline sensor,I-94,WB,45.59024,-94.37034,1
9578,Mainline sensor,I-94,WB,45.59024,-94.37034,2
9579,Mainline sensor,I-94,WB,45.59024,-94.37034,3
958,Mainline sensor,I-94,EB,45.07863,-93.38797,0
959,Mainline sensor,I-94,EB,45.07816,-93.3786,1
960,Mainline sensor,I-94,EB,45.07816,-93.3786,2
9600,Mainline sensor,I-94,EB,46.84753,-96.7791,1
9601,Mainline sensor,I-94,EB,46.84753,-96.7791,2
9602,Mainline sensor,I-94,WB,46.8475,-96.77805,1
9603,Mainline sensor,I-94,WB,46.8475,-96.77805,2
9604,Mainline sensor,I-94,EB,46.84695,-96.76812,1
9605,Mainline sensor,I-94,EB,46.84695,-96.76812,2
9606,Mainline sensor,I-94,WB,46.8471,-96.76808,1
9607,Mainline sensor,I-94,WB,46.8471,-96.76808,2
9608,Mainline sensor,I-94,EB,46.84701,-96.76066,1
9609,Mainline sensor,I-94,EB,46.84701,-96.76066,2
961,Mainline sensor,I-94,WB,45.07837,-93.37883,1
9610,Mainline sensor,I-94,WB,46.84721,-96.75759,1
9611,Mainline sensor,I-94,WB,46.84721,-96.75759,2
9612,Mainline sensor,I-94,EB,46.84709,-96.74732,1
9613,Mainline sensor,I-94,EB,46.84709,-96.74732,2
9614,Mainline sensor,I-94,WB,46.84723,-96.7474,1
9615,Mainline sensor,I-94,WB,46.84723,-96.7474,2
9616,Mainline sensor,I-94,EB,46.84715,-96.73593,1
9617,Mainline sensor,I-94,EB,46.84715,-96.73593,2
9618,Mainline sensor,I-94,EB,46.84715,-96.73593,3
9619,Mainline sensor,I-94,WB,46.84726,-96.73608,1
962,Mainline sensor,I-94,WB,45.07837,-93.37883,2
9620,Mainline sensor,I-94,WB,46.84726,-96.73608,2
9621,Mainline sensor,I-94,EB,46.84713,-96.72287,1
9622,Mainline sensor,I-94,EB,46.84713,-96.72287,2
9623,Mainline sensor,I-94,WB,46.84729,-96.7233,1
9624,Mainline sensor,I-94,WB,46.84729,-96.7233,2
9625,Mainline sensor,I-94,EB,46.84713,-96.70795,1
9626,Mainline sensor,I-94,EB,46.84713,-96.70795,2
9627,Mainline sensor,I-94,WB,46.84727,-96.70592,1
9628,Mainline sensor,I-94,WB,46.84727,-96.70592,2
9629,Mainline sensor,I-94,EB,46.84713,-96.687,1
9630,Mainline sensor,I-94,EB,46.84713,-96.687,2
9631,Mainline sensor,I-94,WB,46.84729,-96.68399,1
9632,Mainline sensor,I-94,WB,46.84729,-96.68399,2
9633,Mainline sensor,I-94,EB,46.81853,-96.602,1
9634,Mainline sensor,I-94,EB,46.81853,-96.602,2
9635,Mainline sensor,I-94,WB,46.81911,-96.60249,1
9636,Mainline sensor,I-94,WB,46.81911,-96.60249,2
9637,Mainline sensor,I-94,EB,46.84701,-96.76066,0
9638,Mainline sensor,I-94,WB,46.84721,-96.75759,0
967,Mainline sensor,I-94,EB,45.07792,-93.3721,0
968,Mainline sensor,I-94,WB,45.07817,-93.37283,0
969,Mainline sensor,I-94,WB,45.07797,-93.36891,0
970,Mainline sensor,I-94,EB,45.07767,-93.36791,0
971,Mainline sensor,I-94,EB,45.07616,-93.35672,1
972,Mainline sensor,I-94,EB,45.07616,-93.35672,2
973,Mainline sensor,I-94,WB,45.07638,-93.3567,1
974,Mainline sensor,I-94,WB,45.07638,-93.3567,2
976,Mainline sensor,I-94,EB,45.07583,-93.3432,1
977,Mainline sensor,I-94,EB,45.07583,-93.3432,2
978,Mainline sensor,I-94,WB,45.07606,-93.34319,1
979,Mainline sensor,I-94,WB,45.07606,-93.34319,2
980,Mainline sensor,I-94,WB,45.07606,-93.34319,3
981,Mainline sensor,I-94,EB,45.07577,-93.33625,0
982,Mainline sensor,I-94,WB,45.07599,-93.3365,0
983,Mainline sensor,I-94,EB,45.07425,-93.31939,1
984,Mainline sensor,I-94,EB,45.07425,-93.31939,2
985,Mainline sensor,I-94,EB,45.07425,-93.31939,3
986,Mainline sensor,I-94,EB,45.07425,-93.31939,4
987,Mainline sensor,I-94,WB,45.07444,-93.31918,1
988,Mainline sensor,I-94,WB,45.07444,-93.31918,2
989,Mainline sensor,I-94,WB,45.07444,-93.31918,3
990,Mainline sensor,I-94,WB,45.07444,-93.31918,4
T9001,Mainline sensor,I-94,EB,45.49774,-94.25166,1
T9002,Mainline sensor,I-94,EB,45.49774,-94.25166,2
T9003,Mainline sensor,I-94,EB,45.49801,-94.24149,1
T9004,Mainline sensor,I-94,EB,45.49801,-94.24149,2
T9005,Mainline sensor,I-94,EB,45.49808,-94.2346,1
T9006,Mainline sensor,I-94,EB,45.49808,-94.2346,2
T9007,Mainline sensor,I-94,EB,45.49823,-94.22308,1
T9008,Mainline sensor,I-94,EB,45.49823,-94.22308,2
T9009,Mainline sensor,I-94,EB,45.49851,-94.21293,1
T9010,Mainline sensor,I-94,EB,45.49851,-94.21293,2
T9011,Mainline sensor,I-94,EB,45.49836,-94.20373,1
T9012,Mainline sensor,I-94,EB,45.49836,-94.20373,2
T9013,Mainline sensor,I-94,EB,45.49841,-94.19527,1
T9014,Mainline sensor,I-94,EB,45.49841,-94.19527,2
T9015,Mainline sensor,I-94,EB,45.49775,-94.18617,1
T9016,Mainline sensor,I-94,EB,45.49775,-94.18617,2
T9017,Mainline sensor,I-94,EB,45.49715,-94.1769,1
T9018,Mainline sensor,I-94,EB,45.49715,-94.1769,2
T9019,Mainline sensor,I-94,EB,45.49682,-94.17093,1
T9020,Mainline sensor,I-94,EB,45.49682,-94.17093,2
T9021,Mainline sensor,I-94,EB,45.49645,-94.16509,1
T9022,Mainline sensor,I-94,EB,45.49645,-94.16509,2
T9023,Mainline sensor,I-94,EB,45.49329,-94.15304,1
T9024,Mainline sensor,I-94,EB,45.49329,-94.15304,2
T9025,Mainline sensor,I-94,EB,45.48712,-94.14744,1
T9026,Mainline sensor,I-94,EB,45.48712,-94.14744,2
T9027,Mainline sensor,I-94,EB,45.47227,-94.13598,1
T9028,Mainline sensor,I-94,EB,45.47227,-94.13598,2
T9029,Mainline sensor,I-94,EB,45.45896,-94.12673,1
T9030,Mainline sensor,I-94,EB,45.45896,-94.12673,2
T9031,Mainline sensor,I-94,EB,45.4536,-94.12309,1
T9032,Mainline sensor,I-94,EB,45.4536,-94.12309,2
T9033,Mainline sensor,I-94,EB,45.4384,-94.11146,1
T9034,Mainline sensor,I-94,EB,45.4384,-94.11146,2
T9035,Mainline sensor,I-94,EB,45.42838,-94.09241,1
T9036,Mainline sensor,I-94,EB,45.42838,-94.09241,2
T9037,Mainline sensor,I-94,EB,45.41841,-94.07512,1
T9038,Mainline sensor,I-94,EB,45.41841,-94.07512,2
T9039,Mainline sensor,I-94,EB,45.41533,-94.06669,1
T9040,Mainline sensor,I-94,EB,45.41533,-94.06669,2
T9041,Mainline sensor,I-94,EB,45.40765,-94.04938,1
T9042,Mainline sensor,I-94,EB,45.40765,-94.04938,2
T9043,Mainline sensor,I-94,EB,45.39829,-94.03188,1
T9044,Mainline sensor,I-94,EB,45.39829,-94.03188,2
T9045,Mainline sensor,I-94,EB,45.37989,-94.00404,1
T9046,Mainline sensor,I-94,EB,45.37989,-94.00404,2
T9047,Mainline sensor,I-94,EB,45.3707,-93.98561,1
T9048,Mainline sensor,I-94,EB,45.3707,-93.98561,2
T9049,Mainline sensor,I-94,EB,45.3663,-93.96225,1
T9050,Mainline sensor,I-94,EB,45.3663,-93.96225,2
T9051,Mainline sensor,I-94,EB,45.35916,-93.94041,1
T9052,Mainline sensor,I-94,EB,45.35916,-93.94041,2
T9053,Mainline sensor,I-94,EB,45.35408,-93.92227,1
T9054,Mainline sensor,I-94,EB,45.35408,-93.92227,2
T9055,Mainline sensor,I-94,EB,45.3523,-93.91289,1
T9056,Mainline sensor,I-94,EB,45.3523,-93.91289,2
T9057,Mainline sensor,I-94,EB,45.34585,-93.89087,1
T9058,Mainline sensor,I-94,EB,45.34585,-93.89087,2
T9059,Mainline sensor,I-94,EB,45.33696,-93.87123,1
T9060,Mainline sensor,I-94,EB,45.33696,-93.87123,2
T9061,Mainline sensor,I-94,EB,45.33294,-93.86234,1
T9062,Mainline sensor,I-94,EB,45.33294,-93.86234,2
T9063,Mainline sensor,I-94,EB,45.31704,-93.83597,1
T9064,Mainline sensor,I-94,EB,45.31704,-93.83597,2
T9065,Mainline sensor,I-94,EB,45.31203,-93.82666,1
T9066,Mainline sensor,I-94,EB,45.31203,-93.82666,2
T9067,Mainline sensor,I-94,EB,45.30047,-93.81001,1
T9068,Mainline sensor,I-94,EB,45.30047,-93.81001,2
T9069,Mainline sensor,I-94,EB,45.29591,-93.78664,1
T9070,Mainline sensor,I-94,EB,45.29591,-93.78664,2
T9071,Mainline sensor,I-94,EB,45.27901,-93.74337,1
T9072,Mainline sensor,I-94,EB,45.27901,-93.74337,2
T9073,Mainline sensor,I-94,EB,45.25291,-93.69457,1
T9074,Mainline sensor,I-94,EB,45.25291,-93.69457,2
T9075,Mainline sensor,I-94,EB,45.24538,-93.67565,1
T9076,Mainline sensor,I-94,EB,45.24538,-93.67565,2
T9077,Mainline sensor,I-94,EB,45.232,-93.63889,1
T9078,Mainline sensor,I-94,EB,45.232,-93.63889,2
T9079,Mainline sensor,I-94,EB,45.22743,-93.61683,1
T9080,Mainline sensor,I-94,EB,45.22743,-93.61683,2
T9081,Mainline sensor,I-94,EB,45.20333,-93.57184,1
T9082,Mainline sensor,I-94,EB,45.20333,-93.57184,2
T9083,Mainline sensor,I-94,EB,45.20333,-93.57184,3
T9084,Mainline sensor,I-94,EB,45.19324,-93.54906,1
T9085,Mainline sensor,I-94,EB,45.19324,-93.54906,2
T9086,Mainline sensor,I-94,EB,45.19324,-93.54906,3
T9087,Mainline sensor,I-94,EB,45.17955,-93.53213,1
T9088,Mainline sensor,I-94,EB,45.17955,-93.53213,2
T9089,Mainline sensor,I-94,EB,45.17955,-93.53213,3
T9093,Mainline sensor,I-94,EB,45.1662,-93.52528,1
T9094,Mainline sensor,I-94,EB,45.1662,-93.52528,2
T9095,Mainline sensor,I-94,EB,45.1662,-93.52528,3
T9096,Mainline sensor,I-94,EB,45.16113,-93.51797,1
T9097,Mainline sensor,I-94,EB,45.16113,-93.51797,2
T9098,Mainline sensor,I-94,EB,45.16113,-93.51797,3
T9099,Mainline sensor,I-94,EB,45.15715,-93.51234,1
T9100,Mainline sensor,I-94,EB,45.15715,-93.51234,2
T9101,Mainline sensor,I-94,EB,45.15715,-93.51234,3
T9102,Mainline sensor,I-94,EB,45.15155,-93.50385,1
T9103,Mainline sensor,I-94,EB,45.15155,-93.50385,2
T9104,Mainline sensor,I-94,EB,45.15155,-93.50385,3
T9105,Mainline sensor,I-94,EB,45.14607,-93.49952,1
T9106,Mainline sensor,I-94,EB,45.14607,-93.49952,2
T9107,Mainline sensor,I-94,EB,45.14607,-93.49952,3
T9108,Mainline sensor,I-94,EB,45.13084,-93.48838,1
T9109,Mainline sensor,I-94,EB,45.13084,-93.48838,2
T9110,Mainline sensor,I-94,EB,45.13084,-93.48838,3
T9111,Mainline sensor,I-94,EB,45.12313,-93.48315,1
T9112,Mainline sensor,I-94,EB,45.12313,-93.48315,2
T9113,Mainline sensor,I-94,EB,45.12313,-93.48315,3
T9114,Mainline sensor,I-94,EB,45.11537,-93.47713,1
T9115,Mainline sensor,I-94,EB,45.11537,-93.47713,2
T9116,Mainline sensor,I-94,EB,45.11537,-93.47713,3
T9117,Mainline sensor,I-94,EB,45.11033,-93.47015,1
T9118,Mainline sensor,I-94,EB,45.11033,-93.47015,2
T9119,Mainline sensor,I-94,EB,45.11033,-93.47015,3
T9120,Mainline sensor,I-94,EB,45.10412,-93.45973,1
T9121,Mainline sensor,I-94,EB,45.10412,-93.45973,2
T9122,Mainline sensor,I-94,EB,45.10412,-93.45973,3
T9123,Mainline sensor,I-94,EB,45.09991,-93.45461,1
T9124,Mainline sensor,I-94,EB,45.09991,-93.45461,2
T9125,Mainline sensor,I-94,EB,45.09991,-93.45461,3
T9126,Mainline sensor,I-94,WB,45.10009,-93.45441,1
T9127,Mainline sensor,I-94,WB,45.10009,-93.45441,2
T9129,Mainline sensor,I-94,WB,45.10434,-93.45958,1
T9130,Mainline sensor,I-94,WB,45.10434,-93.45958,2
T9132,Mainline sensor,I-94,WB,45.11051,-93.46985,1
T9133,Mainline sensor,I-94,WB,45.11051,-93.46985,2
T9135,Mainline sensor,I-94,WB,45.11559,-93.47688,1
T9136,Mainline sensor,I-94,WB,45.11559,-93.47688,2
T9138,Mainline sensor,I-94,WB,45.12256,-93.48251,1
T9139,Mainline sensor,I-94,WB,45.12256,-93.48251,2
T9141,Mainline sensor,I-94,WB,45.13091,-93.48812,1
T9142,Mainline sensor,I-94,WB,45.13091,-93.48812,2
T9144,Mainline sensor,I-94,WB,45.14612,-93.49932,1
T9145,Mainline sensor,I-94,WB,45.14612,-93.49932,2
T9147,Mainline sensor,I-94,WB,45.15166,-93.50357,1
T9148,Mainline sensor,I-94,WB,45.15166,-93.50357,2
T9150,Mainline sensor,I-94,WB,45.15742,-93.51213,1
T9151,Mainline sensor,I-94,WB,45.15742,-93.51213,2
T9153,Mainline sensor,I-94,WB,45.16129,-93.51775,1
T9154,Mainline sensor,I-94,WB,45.16129,-93.51775,2
T9156,Mainline sensor,I-94,WB,45.16632,-93.525,1
T9157,Mainline sensor,I-94,WB,45.16632,-93.525,2
T9159,Mainline sensor,I-94,WB,45.1737,-93.52682,1
T9160,Mainline sensor,I-94,WB,45.1737,-93.52682,2
T9162,Mainline sensor,I-94,WB,45.17964,-93.53193,1
T9163,Mainline sensor,I-94,WB,45.17964,-93.53193,2
T9165,Mainline sensor,I-94,WB,45.19341,-93.54883,1
T9166,Mainline sensor,I-94,WB,45.19341,-93.54883,2
T9168,Mainline sensor,I-94,WB,45.2034,-93.5717,1
T9169,Mainline sensor,I-94,WB,45.2034,-93.5717,2
T9171,Mainline sensor,I-94,WB,45.22763,-93.61671,1
T9172,Mainline sensor,I-94,WB,45.22763,-93.61671,2
T9173,Mainline sensor,I-94,WB,45.23212,-93.63869,1
T9174,Mainline sensor,I-94,WB,45.23212,-93.63869,2
T9175,Mainline sensor,I-94,WB,45.24555,-93.67551,1
T9176,Mainline sensor,I-94,WB,45.24555,-93.67551,2
T9177,Mainline sensor,I-94,WB,45.25289,-93.69385,1
T9178,Mainline sensor,I-94,WB,45.25289,-93.69385,2
T9179,Mainline sensor,I-94,WB,45.27917,-93.74314,1
T9180,Mainline sensor,I-94,WB,45.27917,-93.74314,2
T9181,Mainline sensor,I-94,WB,45.29615,-93.78661,1
T9182,Mainline sensor,I-94,WB,45.29615,-93.78661,2
T9183,Mainline sensor,I-94,WB,45.30059,-93.80992,1
T9184,Mainline sensor,I-94,WB,45.30059,-93.80992,2
T9185,Mainline sensor,I-94,WB,45.3121,-93.82653,1
T9186,Mainline sensor,I-94,WB,45.3121,-93.82653,2
T9187,Mainline sensor,I-94,WB,45.31716,-93.83584,1
T9188,Mainline sensor,I-94,WB,45.31716,-93.83584,2
T9189,Mainline sensor,I-94,WB,45.33292,-93.86191,1
T9190,Mainline sensor,I-94,WB,45.33292,-93.86191,2
T9191,Mainline sensor,I-94,WB,45.33705,-93.87117,1
T9192,Mainline sensor,I-94,WB,45.33705,-93.87117,2
T9193,Mainline sensor,I-94,WB,45.34598,-93.89078,1
T9194,Mainline sensor,I-94,WB,45.34598,-93.89078,2
T9195,Mainline sensor,I-94,WB,45.35247,-93.91283,1
T9196,Mainline sensor,I-94,WB,45.35247,-93.91283,2
T9197,Mainline sensor,I-94,WB,45.35422,-93.92216,1
T9198,Mainline sensor,I-94,WB,45.35422,-93.92216,2
T9199,Mainline sensor,I-94,WB,45.35931,-93.94031,1
T9200,Mainline sensor,I-94,WB,45.35931,-93.94031,2
T9201,Mainline sensor,I-94,WB,45.36639,-93.96208,1
T9202,Mainline sensor,I-94,WB,45.36639,-93.96208,2
T9203,Mainline sensor,I-94,WB,45.37079,-93.98549,1
T9204,Mainline sensor,I-94,WB,45.37079,-93.98549,2
T9205,Mainline sensor,I-94,WB,45.38001,-94.00389,1
T9206,Mainline sensor,I-94,WB,45.38001,-94.00389,2
T9207,Mainline sensor,I-94,WB,45.39842,-94.03161,1
T9208,Mainline sensor,I-94,WB,45.39842,-94.03161,2
T9209,Mainline sensor,I-94,WB,45.40781,-94.04921,1
T9210,Mainline sensor,I-94,WB,45.40781,-94.04921,2
T9211,Mainline sensor,I-94,WB,45.4155,-94.0666,1
T9212,Mainline sensor,I-94,WB,45.4155,-94.0666,2
T9213,Mainline sensor,I-94,WB,45.41853,-94.07504,1
T9214,Mainline sensor,I-94,WB,45.41853,-94.07504,2
T9215,Mainline sensor,I-94,WB,45.42853,-94.09218,1
T9216,Mainline sensor,I-94,WB,45.42853,-94.09218,2
T9217,Mainline sensor,I-94,WB,45.43848,-94.11124,1
T9218,Mainline sensor,I-94,WB,45.43848,-94.11124,2
T9219,Mainline sensor,I-94,WB,45.45369,-94.12276,1
T9220,Mainline sensor,I-94,WB,45.45369,-94.12276,2
T9221,Mainline sensor,I-94,WB,45.45896,-94.12643,1
T9222,Mainline sensor,I-94,WB,45.45896,-94.12643,2
T9223,Mainline sensor,I-94,WB,45.47232,-94.1358,1
T9224,Mainline sensor,I-94,WB,45.47232,-94.1358,2
T9225,Mainline sensor,I-94,WB,45.48722,-94.14713,1
T9226,Mainline sensor,I-94,WB,45.48722,-94.14713,2
T9227,Mainline sensor,I-94,WB,45.4934,-94.15284,1
T9228,Mainline sensor,I-94,WB,45.4934,-94.15284,2
T9229,Mainline sensor,I-94,WB,45.49674,-94.16501,1
T9230,Mainline sensor,I-94,WB,45.49674,-94.16501,2
T9231,Mainline sensor,I-94,WB,45.49709,-94.17094,1
T9232,Mainline sensor,I-94,WB,45.49709,-94.17094,2
T9233,Mainline sensor,I-94,WB,45.49744,-94.17689,1
T9234,Mainline sensor,I-94,WB,45.49744,-94.17689,2
T9235,Mainline sensor,I-94,WB,45.49802,-94.1862,1
T9236,Mainline sensor,I-94,WB,45.49802,-94.1862,2
T9237,Mainline sensor,I-94,WB,45.49859,-94.19527,1
T9238,Mainline sensor,I-94,WB,45.49859,-94.19527,2
T9239,Mainline sensor,I-94,WB,45.4987,-94.2037,1
T9240,Mainline sensor,I-94,WB,45.4987,-94.2037,2
T9241,Mainline sensor,I-94,WB,45.49874,-94.2129,1
T9242,Mainline sensor,I-94,WB,45.49874,-94.2129,2
T9243,Mainline sensor,I-94,WB,45.49843,-94.22308,1
T9244,Mainline sensor,I-94,WB,45.49843,-94.22308,2
T9245,Mainline sensor,I-94,WB,45.49822,-94.2347,1
T9246,Mainline sensor,I-94,WB,45.49822,-94.2347,2
T9247,Mainline sensor,I-94,WB,45.4981,-94.24161,1
T9248,Mainline sensor,I-94,WB,45.4981,-94.24161,2
T9249,Mainline sensor,I-94,WB,45.49822,-94.25709,1
T9250,Mainline sensor,I-94,WB,45.49822,-94.25709,2
T9251,Mainline sensor,I-94,WB,45.24199,-93.66541,1
T9252,Mainline sensor,I-94,WB,45.24199,-93.66541,2
T9253,Mainline sensor,I-94,EB,45.24182,-93.66551,1
T9254,Mainline sensor,I-94,EB,45.24182,-93.66551,2
T9255,Mainline sensor,I-94,WB,45.37079,-93.98549,3
T9256,Mainline sensor,I-94,EB,45.3707,-93.98561,3
T9257,Mainline sensor,I-94,WB,45.38001,-94.00389,3
T9258,Mainline sensor,I-94,EB,45.37989,-94.00404,3
T9259,Mainline sensor,I-94,WB,45.39842,-94.03161,3
T9260,Mainline sensor,I-94,EB,45.39829,-94.03188,3
T9261,Mainline sensor,I-94,WB,45.40781,-94.04921,3
T9262,Mainline sensor,I-94,EB,45.40765,-94.04938,3
T9300,Mainline sensor,I-94,EB,44.95163,-93.12608,1
T9301,Mainline sensor,I-94,EB,44.95163,-93.12608,2
T9302,Mainline sensor,I-94,WB,44.95186,-93.12608,1
T9303,Mainline sensor,I-94,WB,44.95186,-93.12608,2
T9304,Mainline sensor,I-94,WB,44.95186,-93.12608,3
T9305,Mainline sensor,I-94,WB,44.95186,-93.12608,4
T9306,Mainline sensor,I-94,EB,44.95132,-93.11877,1
T9307,Mainline sensor,I-94,EB,44.95132,-93.11877,1
T9308,Mainline sensor,I-94,EB,44.95132,-93.11877,2
T9309,Mainline sensor,I-94,WB,44.9515,-93.1188,1
T9310,Mainline sensor,I-94,WB,44.9515,-93.1188,2
T9311,Mainline sensor,I-94,EB,44.9508,-93.11033,1
T9312,Mainline sensor,I-94,EB,44.9508,-93.11033,2
T9313,Mainline sensor,I-94,WB,44.95093,-93.11033,1
T9314,Mainline sensor,I-94,WB,44.95093,-93.11033,2
T9315,Mainline sensor,I-94,EB,44.95008,-93.10314,1
T9316,Mainline sensor,I-94,EB,44.95008,-93.10314,2
T9317,Mainline sensor,I-94,WB,44.95075,-93.10331,1
T9318,Mainline sensor,I-94,WB,44.95075,-93.10331,2
T9319,Mainline sensor,I-94,EB,44.95357,-93.09336,1
T9320,Mainline sensor,I-94,EB,44.95357,-93.09336,2
T9321,Mainline sensor,I-94,WB,44.95388,-93.08958,1
T9322,Mainline sensor,I-94,WB,44.95388,-93.08958,2
T9323,Mainline sensor,I-94,EB,44.95234,-93.08727,1
T9324,Mainline sensor,I-94,EB,44.95234,-93.08727,2
T9325,Mainline sensor,I-94,WB,44.95285,-93.08322,1
T9326,Mainline sensor,I-94,WB,44.95285,-93.08322,2
T9327,Mainline sensor,I-94,WB,44.95285,-93.08322,3
T9328,Mainline sensor,I-94,WB,44.95285,-93.08322,4
T9329,Mainline sensor,I-94,EB,44.9535,-93.08035,3
T9330,Mainline sensor,I-94,EB,44.9535,-93.08035,0
T9331,Mainline sensor,I-94,EB,44.9535,-93.08035,3
T9332,Mainline sensor,I-94,EB,44.9535,-93.08035,4
T9333,Mainline sensor,I-94,WB,44.95377,-93.08043,1
T9334,Mainline sensor,I-94,WB,44.95377,-93.08043,2
T9335,Mainline sensor,I-94,EB,44.9548,-93.07614,0
T9336,Mainline sensor,I-94,EB,44.9548,-93.07614,2
T9337,Mainline sensor,I-94,EB,44.9548,-93.07614,3
T9338,Mainline sensor,I-94,EB,44.9548,-93.07614,4
T9339,Mainline sensor,I-94,WB,44.95507,-93.07384,1
T9340,Mainline sensor,I-94,WB,44.95507,-93.07384,2
T9341,Mainline sensor,I-94,WB,44.95507,-93.07384,3
T9342,Mainline sensor,I-94,WB,44.95532,-93.07543,0
T9343,Mainline sensor,I-94,EB,44.95205,-93.06945,1
T9344,Mainline sensor,I-94,EB,44.95205,-93.06945,2
T9345,Mainline sensor,I-94,EB,44.95205,-93.06945,3
T9346,Mainline sensor,I-94,EB,44.95205,-93.06945,4
T9347,Mainline sensor,I-94,WB,44.95226,-93.06932,1
T9348,Mainline sensor,I-94,WB,44.95226,-93.06932,2
T9349,Mainline sensor,I-94,WB,44.95226,-93.06932,3
T9350,Mainline sensor,I-94,EB,44.95174,-93.06171,1
T9351,Mainline sensor,I-94,EB,44.95174,-93.06171,2
T9352,Mainline sensor,I-94,EB,44.95174,-93.06171,3
T9353,Mainline sensor,I-94,EB,44.95174,-93.06171,4
T9354,Mainline sensor,I-94,EB,44.95174,-93.06171,5
T9355,Mainline sensor,I-94,WB,44.95198,-93.06176,1
T9356,Mainline sensor,I-94,WB,44.95198,-93.06176,2
T9357,Mainline sensor,I-94,WB,44.95198,-93.06176,3
T9358,Mainline sensor,I-94,WB,44.95198,-93.06176,4
T9359,Mainline sensor,I-94,WB,44.95198,-93.06176,5
T9360,Mainline sensor,I-94,EB,44.94832,-92.9446,1
T9361,Mainline sensor,I-94,EB,44.94832,-92.9446,2
T9362,Mainline sensor,I-94,EB,44.94832,-92.9446,3
T9363,Mainline sensor,I-94,EB,44.94832,-92.9446,4
T9364,Mainline sensor,I-94,WB,44.94859,-92.94463,1
T9365,Mainline sensor,I-94,WB,44.94859,-92.94463,2
T9366,Mainline sensor,I-94,WB,44.94859,-92.94463,3
T9367,Mainline sensor,I-94,WB,44.94859,-92.94463,4
T9368,Mainline sensor,I-94,WB,44.94859,-92.94463,5
T9369,Mainline sensor,I-94,EB,44.94864,-92.93188,1
T9370,Mainline sensor,I-94,EB,44.94864,-92.93188,2
T9371,Mainline sensor,I-94,EB,44.94864,-92.93188,3
T9372,Mainline sensor,I-94,WB,44.94887,-92.93128,1
T9373,Mainline sensor,I-94,WB,44.94887,-92.93128,2
T9374,Mainline sensor,I-94,WB,44.94887,-92.93128,3
T9375,Mainline sensor,I-94,EB,44.94847,-92.92222,1
T9376,Mainline sensor,I-94,EB,44.94847,-92.92222,2
T9377,Mainline sensor,I-94,EB,44.94847,-92.92222,3
T9378,Mainline sensor,,,44.94868,-92.9222,1
T9379,Mainline sensor,,,44.94868,-92.9222,2
T9380,Mainline sensor,,,44.94868,-92.9222,3
T9381,Mainline sensor,I-94,EB,44.94847,-92.91115,1
T9382,Mainline sensor,I-94,EB,44.94847,-92.91115,2
T9383,Mainline sensor,I-94,EB,44.94847,-92.91115,3
T9384,Mainline sensor,,,44.94866,-92.9112,1
T9385,Mainline sensor,,,44.94866,-92.9112,2
T9386,Mainline sensor,,,44.94866,-92.9112,3
T9387,Mainline sensor,I-94,EB,44.94843,-92.90189,1
T9388,Mainline sensor,I-94,EB,44.94843,-92.90189,2
T9389,Mainline sensor,I-94,EB,44.94843,-92.90189,3
T9390,Mainline sensor,I-94,WB,44.94867,-92.90192,1
T9391,Mainline sensor,I-94,WB,44.94867,-92.90192,2
T9392,Mainline sensor,I-94,WB,44.94867,-92.90192,3
T9393,Mainline sensor,I-94,WB,45.50177,-94.26704,1
T9394,Mainline sensor,I-94,WB,45.50177,-94.26704,2
T9395,Mainline sensor,I-94,WB,45.50584,-94.27236,1
T9396,Mainline sensor,I-94,WB,45.50584,-94.27236,2
T9397,Mainline sensor,I-94,WB,45.51088,-94.27876,1
T9398,Mainline sensor,I-94,WB,45.51088,-94.27876,2
T9399,Mainline sensor,I-94,WB,45.52786,-94.30729,1
T9400,Mainline sensor,I-94,WB,45.52786,-94.30729,2
T9401,Mainline sensor,I-94,WB,45.53223,-94.31234,1
T9402,Mainline sensor,I-94,WB,45.53223,-94.31234,2
T9403,Mainline sensor,I-94,WB,45.53719,-94.31654,1
T9404,Mainline sensor,I-94,WB,45.53719,-94.31654,2
T9405,Mainline sensor,I-94,WB,45.5443,-94.32269,1
T9406,Mainline sensor,I-94,WB,45.5443,-94.32269,2
T9407,Mainline sensor,I-94,WB,45.55097,-94.33071,1
T9408,Mainline sensor,I-94,WB,45.55097,-94.33071,2
T9409,Mainline sensor,I-94,WB,45.55601,-94.33698,1
T9410,Mainline sensor,I-94,WB,45.55601,-94.33698,2
T9411,Mainline sensor,I-94,WB,45.56246,-94.34493,1
T9412,Mainline sensor,I-94,WB,45.56246,-94.34493,2
T9413,Mainline sensor,I-94,EB,45.56237,-94.3452,1
T9414,Mainline sensor,I-94,EB,45.56237,-94.3452,2
T9415,Mainline sensor,I-94,EB,45.55636,-94.33772,1
T9416,Mainline sensor,I-94,EB,45.55636,-94.33772,2
T9417,Mainline sensor,I-94,EB,45.5509,-94.33093,1
T9418,Mainline sensor,I-94,EB,45.5509,-94.33093,2
T9419,Mainline sensor,I-94,EB,45.54428,-94.32305,1
T9420,Mainline sensor,I-94,EB,45.54428,-94.32305,2
T9421,Mainline sensor,I-94,EB,45.53883,-94.31816,1
T9422,Mainline sensor,I-94,EB,45.53883,-94.31816,2
T9423,Mainline sensor,I-94,EB,45.53346,-94.31356,1
T9424,Mainline sensor,I-94,EB,45.53346,-94.31356,2
T9425,Mainline sensor,I-94,EB,45.52721,-94.30651,1
T9426,Mainline sensor,I-94,EB,45.52721,-94.30651,2
T9427,Mainline sensor,I-94,EB,45.51086,-94.27911,1
T9428,Mainline sensor,I-94,EB,45.51086,-94.27911,2
T9429,Mainline sensor,I-94,EB,45.5059,-94.27285,1
T9430,Mainline sensor,I-94,EB,45.5059,-94.27285,2
T9431,Mainline sensor,I-94,EB,45.50032,-94.26484,1
T9432,Mainline sensor,I-94,EB,45.50032,-94.26484,2
T9461,Mainline sensor,I-94,EB,45.60604,-94.43285,1
T9462,Mainline sensor,I-94,EB,45.60604,-94.43285,2
T9463,Mainline sensor,I-94,EB,45.60628,-94.42513,1
T9464,Mainline sensor,I-94,EB,45.60628,-94.42513,2
T9465,Mainline sensor,I-94,EB,45.60802,-94.41076,1
T9466,Mainline sensor,I-94,EB,45.60802,-94.41076,2
T9467,Mainline sensor,I-94,EB,45.60706,-94.4025,1
T9468,Mainline sensor,I-94,EB,45.60706,-94.4025,2
T9469,Mainline sensor,I-94,EB,45.60265,-94.39299,1
T9470,Mainline sensor,I-94,EB,45.60265,-94.39299,2
T9471,Mainline sensor,I-94,EB,45.59946,-94.38605,1
T9472,Mainline sensor,I-94,EB,45.59946,-94.38605,2
T9473,Mainline sensor,I-94,EB,45.59598,-94.37891,1
T9474,Mainline sensor,I-94,EB,45.59598,-94.37891,2
T9475,Mainline sensor,I-94,EB,45.55821,-94.34006,1
T9476,Mainline sensor,I-94,EB,45.55821,-94.34006,2
T9477,Mainline sensor,I-94,EB,45.55362,-94.33433,1
T9478,Mainline sensor,I-94,EB,45.55362,-94.33433,2
T9479,Mainline sensor,I-94,EB,45.54752,-94.32678,1
T9480,Mainline sensor,I-94,EB,45.54752,-94.32678,2
T9481,Mainline sensor,I-94,EB,45.54155,-94.32054,1
T9482,Mainline sensor,I-94,EB,45.54155,-94.32054,1
T9483,Mainline sensor,I-94,EB,45.53674,-94.31637,1
T9484,Mainline sensor,I-94,EB,45.53674,-94.31637,2
T9485,Mainline sensor,I-94,EB,45.52929,-94.30989,1
T9486,Mainline sensor,I-94,EB,45.52929,-94.30989,2
T9487,Mainline sensor,I-94,EB,45.52563,-94.30285,1
T9488,Mainline sensor,I-94,EB,45.52563,-94.30285,2
T9521,Mainline sensor,I-94,WB,44.96283,-92.75747,1
T9522,Mainline sensor,I-94,WB,44.96283,-92.75747,2
T9523,Mainline sensor,I-94,WB,44.96284,-92.74724,1
T9524,Mainline sensor,I-94,WB,44.96284,-92.74724,2
T9525,Mainline sensor,I-94,WB,44.96307,-92.73865,1
T9526,Mainline sensor,I-94,WB,44.96307,-92.73865,2
T9527,Mainline sensor,I-94,WB,44.96346,-92.72653,1
T9528,Mainline sensor,I-94,WB,44.96346,-92.72653,2
T9529,Mainline sensor,I-94,EB,44.94839,-92.98063,1
T9530,Mainline sensor,I-94,EB,44.94839,-92.98063,2
T9531,Mainline sensor,I-94,EB,44.94846,-92.97109,0
T9532,Mainline sensor,I-94,EB,44.94846,-92.97109,0
T9533,Mainline sensor,I-94,EB,44.96268,-92.75795,1
T9534,Mainline sensor,I-94,WB,44.96283,-92.75747,3
T9535,Mainline sensor,I-94,EB,44.96262,-92.74727,1
T9536,Mainline sensor,I-94,WB,44.96284,-92.74724,3
T9537,Mainline sensor,I-94,EB,44.96277,-92.73877,1
T9538,Mainline sensor,I-94,EB,44.96277,-92.73877,2
T9539,Mainline sensor,I-94,EB,44.96308,-92.72671,1
T9540,Mainline sensor,I-94,EB,44.96308,-92.72671,2
T9549,Mainline sensor,I-94,WB,44.94852,-92.98068,1
T9550,Mainline sensor,I-94,WB,44.94852,-92.98068,2
T9551,Mainline sensor,I-94,WB,44.94864,-92.97102,1
T9552,Mainline sensor,I-94,WB,44.94864,-92.97102,2
T9588,Mainline sensor,I-94,WB,44.96283,-92.75747,1
T9589,Mainline sensor,I-94,WB,44.96283,-92.75747,2
T9590,Mainline sensor,I-94,WB,44.96283,-92.75747,3
T9591,Mainline sensor,I-94,WB,44.96284,-92.74724,1
T9592,Mainline sensor,I-94,WB,44.96284,-92.74724,2
T9593,Mainline sensor,I-94,WB,44.96284,-92.74724,3
T9594,Mainline sensor,I-94,WB,44.96307,-92.73865,1
T9595,Mainline sensor,I-94,WB,44.96307,-92.73865,2
T9596,Mainline sensor,I-94,WB,44.96307,-92.73865,3
T9597,Mainline sensor,I-94,WB,44.96346,-92.72653,1
T9598,Mainline sensor,I-94,WB,44.96346,-92.72653,2
T9599,Mainline sensor,I-94,WB,44.96346,-92.72653,3
T9637,Mainline sensor,I-94,EB,44.96268,-92.75795,1
T9638,Mainline sensor,I-94,EB,44.96268,-92.75795,2
T9639,Mainline sensor,I-94,EB,44.96268,-92.75795,3
T9650,Mainline sensor,I-94,WB,45.27168,-93.72888,1
T9651,Mainline sensor,I-94,WB,45.27168,-93.72888,2
T9652,Mainline sensor,I-94,WB,45.27917,-93.74314,1
T9653,Mainline sensor,I-94,WB,45.27917,-93.74314,2
T9654,Mainline sensor,I-94,WB,45.29615,-93.78661,1
T9655,Mainline sensor,I-94,WB,45.29615,-93.78661,2
T9656,Mainline sensor,I-94,WB,45.29615,-93.78661,3
V3533,Mainline sensor,I-94,EB,44.95161,-93.12235,0
